Grade.GPA,Treatment,TermUnits..Earned,Term.GPA,Total.GPA,Academic.Status,HSGPA,VerbalExam,MathExam
4,1,18,3.95,3.83,0,4,790,680
3.7,1,16,3.69,3.83,0,4,580,480
3,1,14,3,2.83,0,3.59,410,540
2.7,0,20,2.6,3.11,0,4,680,780
2.3,0,15,2.62,2.62,0,3.5,760,700
3.7,0,14,3.89,3.9,0,4,590,640
2.7,0,18,3,3.29,0,3.59,550,650
2.7,1,19,2.67,3.1,0,3.57,510,480
2.3,0,20,2.63,2.58,0,3.92,520,590
2.7,1,15,3.86,3.22,0,4,560,580
4,1,18,3.84,3.97,0,4,610,550
2,0,17,1.99,2.78,0,3,520,540
2.7,0,12,2.95,3.31,0,3.71,620,550
2,0,18,3,3,0,3.02,550,650
3,0,13,3,3.26,0,3.7,510,590
2,0,17,3.18,3.18,0,3.31,510,460
3.7,0,17,3.31,3.73,0,3.86,460,560
2.7,1,21,3.25,3.47,0,3.89,470,520
2.7,1,15,3.36,3.25,0,3.83,660,580
2.7,0,18,2.76,2.82,0,3.56,640,460
3,1,17,3.31,3.37,0,4,490,520
2.3,0,19,3.07,3.07,0,3.63,560,680
3.7,1,15,3.44,3.48,0,4,580,610
2.3,1,17,2.89,2.96,0,3.7,600,540
3,0,12,2.98,2.82,0,3.68,530,580
2,0,8,1.64,2.38,0,3.87,610,550
2.3,0,14,3.05,3.74,0,4,560,690
2.3,0,16,2.73,2.76,0,3.39,540,550
3.7,0,16,3.16,3.46,0,4,590,450
3.7,0,14,3.4,3.4,0,3.31,790,740
2.7,0,14,3.25,3.01,0,3.36,540,480
0,0,6,1.71,3.03,0,3.32,570,550
3.7,0,14,3.19,3.25,0,3.59,500,520
4,0,17,3.59,3.4,0,3.72,620,690
2.3,0,16,2.89,3.26,0,3.55,530,600
2,0,13,2.93,2.93,0,3.52,560,660
3.7,0,16,3.57,3.69,0,4,490,580
2,0,12,2.16,2.29,1,4,220,470
1.7,0,14,1.97,2.19,0,3.07,440,510
2.7,1,16,3.29,3.37,1,4,630,620
3.7,0,15,3.8,3.8,0,3.65,620,710
1.7,0,17,2.69,2.77,0,4,660,650
3,0,15,3.4,3.4,0,3.97,650,500
3,0,15,2.52,2.71,0,3.9,570,700
2.7,0,11,2.81,2.16,1,3.96,480,600
2,1,17,1.96,2.65,0,3.55,500,510
2.3,1,17,3.42,3.38,0,3.78,630,580
3.7,0,18,3.81,3.84,0,3.97,520,650
1,0,21,1.67,2.08,0,3.52,520,640
3,0,16,3.42,3.42,0,3.8,530,590
3,1,15,2.79,2.78,0,3.73,620,550
3,0,15,2.74,3.06,0,4,510,530
3.7,1,14,3.82,3.82,0,3.99,650,680
3.7,1,18,3.53,3.93,0,3.97,610,690
3,0,16,3.25,3.45,0,3.93,510,570
3,0,16,3.66,3.66,0,3.61,630,660
4,1,15,3.94,3.94,0,3.7,720,640
2.7,0,14,3.32,2.41,1,3.43,630,650
3.7,1,15,3.53,3.31,1,4,570,590
1.7,0,23,2.08,2.17,1,3,490,530
2.3,1,18,3.32,3.23,0,4,410,420
3.7,1,13,3.83,3.33,0,3.96,630,770
3,0,14,2.39,2.31,1,3.4,660,610
3.7,0,16,3.78,2.98,0,3.71,540,500
2.3,1,14,2.75,3.17,0,4,460,500
1.7,1,21,2.98,2.84,0,3.85,570,470
2,1,17,2.64,3.18,0,3.85,540,580
3,0,12,2.8,3.12,0,3.68,530,590
2,0,16,2.3,2.3,0,3.68,530,530
2.3,1,17,2.33,2.58,0,3.31,530,590
2.7,1,15,2.9,2.9,0,3.68,540,660
3.7,0,24,2.93,3.18,0,3.67,600,630
1,0,18,2.35,2.6,0,3.87,570,640
3,0,17,3.52,3.52,0,3.81,630,680
2.3,0,15,2.36,2.74,0,4,600,560
3,1,21,2.96,2.89,1,3.68,550,570
2.3,0,16,2.78,2.94,1,3.66,690,590
3,1,19,3.26,3.21,0,4,450,540
1.7,0,8,1.43,1.88,0,3.46,540,620
3.7,0,16,3.5,3.38,1,3.76,630,600
2.7,0,16,2.58,2.95,0,4,660,640
2.7,0,15,2.45,2.52,0,3.67,480,570
2.3,0,12,1.91,2.73,0,3.75,430,410
2.3,1,12,3.08,3.54,0,3.42,590,590
3.7,0,14,3.36,3.22,0,3.85,650,630
2,0,14,2.35,2.57,0,3.42,540,570
3,0,15,3.28,3.57,0,3.69,620,570
1,0,12,1.9,2.41,0,3.61,620,640
3.7,0,18,3.47,3.52,0,4,620,620
2,0,16,3.22,2.23,1,3.58,560,570
3,0,14,3.08,3.52,0,3.67,600,520
3.7,0,18,3.7,3.64,0,3.67,610,670
3,0,15,3.57,3.23,0,4,370,400
3.7,0,16,3.44,3.58,0,3.7,700,720
3,1,13,3.31,3.37,1,3.92,640,730
2.7,0,19,2.3,2.53,0,3.94,660,610
2,0,12,2.16,2.03,1,3.19,490,520
3,0,17,3.24,3.24,0,3.85,540,690
3.7,0,15,3.16,3.37,0,3.53,630,660
2.3,0,15,2.82,2.68,0,3.85,460,490
4,1,16,4,4,0,3.99,570,580
2.7,0,14,3.17,3.37,0,3.94,650,590
2.3,0,15,2.55,2.55,1,3.53,600,680
2.3,0,15,2.16,2.16,0,3.63,680,680
2.3,1,19,2.96,3.45,0,3.68,560,510
2.3,0,19,2.44,2.44,0,3.78,530,590
3.7,0,15,3.19,3.12,0,4,570,650
2.3,1,17,3.38,3.38,1,3.81,490,570
2.7,1,14,3.38,3.42,0,3.35,510,450
4,0,15,3.9,3.76,0,4,610,570
2.7,0,19,3.02,2.78,0,3.56,570,550
3.7,0,15,3.44,3.53,0,3.9,570,690
3.7,0,19,2.56,2.54,0,3.88,380,610
3.7,0,16,3.5,3.49,1,3.84,540,610
2,1,15,2.17,2.75,0,3.62,530,670
3.7,0,17,3.89,3.6,0,3.85,540,660
2.7,0,13,2.89,3.06,0,3.55,530,590
2,0,15,1.98,2.16,0,3.69,410,590
3.7,1,13,3.62,3.74,0,4,470,490
2,1,17,3.19,3.04,1,4,550,490
3,1,15,3.04,3.04,0,4,560,690
3.7,1,18,3.68,3.6,1,3.92,680,650
2.7,0,16,3.04,2.97,0,3.59,680,750
2.7,0,17,2.97,3.13,0,4,530,610
1,0,19,2.46,2.68,0,3.62,560,630
3.7,1,20,2.65,2.76,1,3.91,520,610
3,0,15,3.2,3.25,0,3.87,650,670
3.7,0,17,3.38,3.51,0,3.97,600,580
3,0,18,2.8,3.62,0,4,660,640
2,1,17,2.64,2.64,0,3.78,530,610
1.7,0,14,2.45,2.46,0,3.59,640,660
3.7,0,14,3.68,3.37,0,3.56,370,410
3.7,0,16,3.36,3.54,0,4,490,590
2.7,1,17,2.95,3.22,0,4,590,640
3.7,0,15,3.36,3.17,0,3.81,450,600
2.3,1,20,2.22,2.79,0,3.97,560,600
4,1,15,3.8,3.85,0,3.78,450,640
3,0,21,3.43,2.99,0,3.74,620,630
2.7,0,14,2.87,2.9,0,3.78,510,550
2.7,0,13,3.05,2.9,0,3.61,590,530
2.3,1,9,1.4,2.29,0,3.79,490,510
2.3,0,10,1.75,2.14,0,3.5,610,610
2.3,1,14,3.02,2.64,0,3.85,550,640
2.7,1,17,3.21,2.46,0,3.16,550,590
3,0,17,3.23,3.43,1,3.87,610,600
3,0,14,2.9,3.03,0,3.41,610,670
2.7,0,17,3.17,3.17,0,4,700,700
2.3,0,19,2.73,3.42,0,3.41,600,570
3.7,0,13,3.71,2.67,0,4,470,580
2.7,0,16,3.16,3.16,0,3.77,640,700
3,1,16,3.32,3.32,0,3.84,610,620
0,0,15,2.23,2.73,0,3.53,630,630
2.3,0,16,3.87,3.38,0,3.14,580,530
2,0,16,3.22,3.22,0,4,730,610
2.7,0,14,3.21,3.21,0,4,600,570
4,0,16,3.69,3.8,0,3.67,580,580
2.7,0,16,2.76,3.02,0,3.84,640,470
2,1,16,2.89,2.89,0,3.8,790,640
3.7,0,16,3.44,3.56,0,4,590,550
3,0,21,2.52,2.38,0,3.3,600,670
0,0,5,1,1,1,3.05,490,630
1,0,12,1.17,2.06,0,3.75,420,520
0,1,11,1.52,1.4,1,3.41,440,610
2.7,0,13,3.13,3.65,0,4,510,610
0,0,5,0.26,0.26,1,3.72,560,570
2.3,0,17,2.7,2.79,1,3.33,580,560
3.7,1,15,3.4,3.75,0,3.95,530,560
3.7,0,22,3.82,3.58,1,3.25,630,680
3.7,0,16,3.23,3.69,0,3.91,620,690
2.7,0,22,3.03,2.78,0,3.88,540,600
2.7,0,20,3.18,3.44,0,4,560,550
3,1,15,3.18,3.31,0,3.73,460,480
2,0,16,2.79,2.76,0,3.58,630,680
2.7,1,16,3.02,2.88,1,3.41,690,660
2.3,1,14,2.68,2.61,0,3.27,520,530
3.7,0,14,3.76,3.66,0,3.9,620,610
2,0,11,1.6,2.27,0,3.66,470,540
3,0,17,3.11,3.28,0,4,620,570
3,0,17,2.84,2.87,0,3.59,620,670
3.7,0,15,3.48,3.64,0,3.54,410,450
2.7,0,13,2.59,3.22,0,3.16,550,620
2.7,0,15,3.3,3.3,0,3.86,650,580
4,0,22,3.75,3.45,0,4,530,440
2.3,1,18,3.42,3.42,0,4,680,620
2,0,21,3.2,3.2,1,4,640,590
2.3,0,21,1.82,2.38,0,3.83,490,570
3,0,16,3.36,3.36,0,4,520,600
2.3,1,18,3.17,3.5,0,4,550,640
3,0,17,3.47,3.33,0,4,600,580
3.7,1,15,3.81,3.91,0,4,720,720
2.7,0,14,3.27,3.04,0,3.24,500,480
2,0,15,2.79,2.64,0,3.69,560,570
2.7,0,14,3.03,3.3,0,3.18,630,570
3.7,0,16,2.95,3.03,0,4,600,570
1.7,1,16,2.54,2.13,0,3.15,490,510
3,0,15,2.96,3.23,0,3.82,540,560
3,1,15,3.28,3.18,0,3.47,780,630
4,0,21,3.77,3.83,0,4,600,770
2.7,1,17,2.32,2.38,0,4,430,490
0,0,3,0.64,0.81,1,3.44,610,670
3.7,0,20,3.4,3.17,0,4,510,540
4,0,12,3.92,3.89,0,3.86,500,560
3.7,0,15,3.38,3.22,0,3.09,650,540
3,1,17,3.47,3.06,0,3.74,500,570
3.7,0,18,3.73,3.65,0,4,600,610
3.7,0,16,2.77,3.06,0,3.97,640,660
3.7,0,17,3.67,3.64,0,4,700,570
2,0,13,2.91,3.25,0,3.16,540,520
0,0,11,1.48,2.98,0,3.83,500,620
2.7,0,17,3.3,3.3,0,3.73,660,710
0,1,12,2.77,2.55,0,3.5,630,590
0,0,12,1.64,2.78,1,3.18,570,420
3,1,18,3.01,3.06,0,3.36,560,590
2.7,1,12,2.34,2.96,0,2.71,550,590
2.3,0,19,2.62,2.76,0,3.66,570,610
2.7,0,12,2.83,2.83,0,3.94,510,630
3.7,0,16,3.47,3.01,0,3.74,520,670
2,0,12,1.75,2.2,0,2.81,580,550
3.7,0,21,3.68,3.59,0,3.85,630,660
3.7,1,19,3.68,3.57,0,4,460,620
4,0,17,4,3.89,0,4,620,580
1,0,14,2.46,2.23,0,3.72,680,590
3.7,0,18,3.32,3.47,0,3.95,580,560
3.7,0,18,3.28,3.5,0,3.58,670,700
3,1,20,3.51,3.72,1,3.38,540,560
2.3,0,19,3.15,3.25,0,3.21,620,630
3,1,17,3.51,2.98,0,4,530,550
0,0,6,0.92,1.89,1,3.29,520,610
2.7,0,15,1.88,2.89,0,3.68,510,550
3,1,17,3.6,3.62,0,4,630,540
2.3,0,18,2.37,2.69,0,3.82,630,570
3.7,0,18,3.56,3.59,0,3.79,550,700
2.7,1,18,3.6,3.6,0,4,560,570
2.7,1,17,3.38,3.5,0,3.6,570,510
2,0,18,3.44,3.44,1,3.86,550,570
3.7,0,16,2.84,3.18,0,3.61,610,610
3,0,13,3.31,3.62,0,3.81,490,460
2.3,1,17,2.37,2.31,0,3.87,420,480
3,1,20,3.67,3.71,1,3.63,660,660
3,0,18,3.07,2.74,0,3.65,650,630
2.7,0,17,3.13,3.07,0,3.68,330,310
3,1,14,3.27,3.96,1,3.95,570,530
2.7,0,20,2.93,3.21,0,3.89,510,620
4,0,14,3.5,3.55,0,3.39,580,590
3,0,18,3.51,3.53,0,4,750,610
3,0,17,3.22,3.22,0,3.52,590,640
0,1,0,0,1.93,1,3.56,530,410
3,0,17,3.01,3.34,1,3.63,660,630
3.7,0,15,3.78,3.37,0,3.76,670,700
2.3,0,12,2.13,2.56,0,3.02,550,600
2.3,0,15,2.7,3.08,0,3.6,610,560
2.3,0,17,2.92,2.92,0,3.78,620,680
3.7,0,15,3.03,3.17,0,3.29,560,570
1.7,0,14,2.57,2.82,0,2.71,590,480
2.3,0,17,3.45,3.19,0,4,650,770
2.3,0,11,2.68,2.8,0,3.93,690,500
3.7,1,13,3.37,3.33,1,4,620,430
3,1,20,3.4,3.28,0,4,540,480
3,0,12,2.23,3.34,0,3.11,440,390
2.7,0,24,2.74,3.15,0,2.71,430,610
3.7,0,16,3.68,2.94,0,3.38,530,590
2.7,0,17,2.96,2.97,0,3.75,680,640
1.7,1,12,1.91,2.84,0,3.42,420,450
2.3,0,16,2.83,3.13,0,3.46,540,590
3,1,18,2.91,3.95,0,3.92,650,590
3.7,1,14,3.53,3.61,0,4,740,680
3.7,1,17,3.78,3.78,0,3.81,590,720
3.7,1,15,3.9,3.9,1,3.63,680,730
3,0,16,2.7,3.06,0,3.7,540,680
3.7,1,21,3.78,3.59,0,4,550,620
2.3,1,16,3.14,3.25,0,3.91,610,660
3,0,16,2.15,2.4,0,3.62,630,500
2.7,0,20,3.03,3.07,0,4,620,620
2.7,0,18,2.91,3.06,0,3.38,700,670
1.7,0,18,2.9,3.03,0,3.5,610,590
3.7,1,17,3.43,3.43,0,3.36,660,660
3.7,0,15,2.48,2.23,0,3.89,610,640
0,0,3,0.2,1.54,1,3.73,650,660
0,0,10,2.33,2.11,0,3.15,420,540
3.7,1,14,2.8,3.26,1,4,740,620
0,0,9,1.42,1.36,1,4,610,530
4,0,22,4,4,0,3.86,610,580
3.7,0,17,3.87,3.93,0,3.9,660,750
4,0,15,3.72,3.59,0,4,450,610
2.3,1,20,2.84,2.84,0,3.53,700,630
3,0,17,2.62,3.05,0,3.99,560,740
2,1,17,2.52,2.45,0,4,540,450
2,1,13,1.97,1.68,1,3.41,540,510
3.7,0,19,3.15,3.35,0,4,510,650
3,1,14,3.06,3.34,0,3.22,770,660
3,0,14,3,2.87,0,3.32,450,330
2.3,1,17,2.4,2.59,0,3.88,700,700
2.7,0,14,2.75,2.65,0,3.16,400,430
3,1,16,3.61,3.28,0,4,630,680
3,0,17,3.05,3.03,0,3.81,460,480
2.7,0,17,2.5,2.84,1,3.75,410,430
2.3,1,13,2.9,2.9,0,3.87,720,640
0,0,22,2.22,3.26,0,2.71,430,450
3.7,0,17,3.1,3.23,0,3.56,640,720
1.7,0,16,2.39,2.75,0,3.81,610,680
3.7,0,16,3.55,3.5,0,3.96,690,660
3,0,17,2.98,3.3,0,3.72,560,640
0,0,16,2.18,2.29,0,3.67,470,490
2,0,16,2.16,2.95,0,3.29,400,420
4,1,16,4,3.96,1,4,660,620
4,0,18,3.73,3.73,0,4,660,680
1,0,14,1.13,2.37,1,3.8,600,590
2,0,18,2.58,2.82,0,3.66,590,680
2,0,12,2.65,2.66,0,3.83,660,600
2,0,14,2.71,2.42,0,2.81,580,520
3,1,18,2.86,2.6,0,3.53,650,630
3,1,15,3.78,3.4,0,3.97,500,540
1.7,0,10,2.63,2.71,0,4,390,510
2,1,15,2.62,2.25,1,2.68,480,540
2,0,20,2.39,2.58,0,3.77,530,620
2.7,0,14,1.93,2.63,0,4,580,660
2.7,0,15,3.53,3.84,0,4,620,640
2.3,0,16,2.07,1.91,1,3.41,660,730
2.7,1,17,2.91,3.12,0,4,590,560
1.7,0,14,2.21,2.54,0,3.28,490,460
2.7,0,18,3.25,3.27,0,3.73,540,500
2.7,0,18,3.16,2.81,0,3.62,680,630
2.7,0,16,3.17,3.17,0,3.66,600,600
4,0,20,4,3.9,0,4,570,580
3.7,0,18,3.93,3.7,0,3.92,570,640
3,1,15,3.06,2.92,1,3.89,630,630
3.7,0,15,3.84,3.86,0,4,630,660
3,0,18,3.23,3.13,1,4,500,600
2,0,13,2.41,2.1,0,3.66,570,610
3.7,1,21,3.65,3.48,0,4,570,610
4,0,15,3.74,3.74,0,3.92,690,720
3,1,17,3.21,3.89,0,4,730,680
2.7,0,15,3.22,3.29,0,4,580,550
2.3,0,21,2.79,3.01,0,3.51,630,540
2,0,15,1.98,2.06,0,3.25,590,630
3.7,0,18,3.7,3.58,0,3.9,550,600
2.7,1,12,2.81,2.64,0,3.47,510,450
3,1,22,3.35,3.35,0,3.89,500,600
3.7,1,15,3.04,3.32,0,4,500,510
3,1,20,3.75,3.75,0,4,720,660
2.3,0,14,2.47,2.73,1,3.61,480,550
4,1,18,3.97,4,0,4,670,670
1.7,0,10,2.55,2.1,0,3.18,560,580
3.7,1,21,3.52,3.52,0,3.78,580,630
2,0,14,2.42,2.77,0,3.55,570,460
3,1,15,3.21,3.18,0,3.48,490,490
2.7,0,15,2.06,2.71,0,3.5,460,570
3.7,0,12,2.21,2.61,0,3.68,560,580
3,0,15,2.88,3.11,0,3.9,660,630
2.7,1,17,2.8,2.98,0,3.48,580,520
3,0,15,3.41,3.4,0,3.55,520,480
2.7,0,16,3.12,2.91,0,3.97,420,530
2.3,0,14,2.9,3.08,0,3.41,590,660
3,0,16,3.02,3.37,0,3.73,620,500
3,1,16,3.03,2.87,0,3.84,540,610
3.7,1,19,3.61,3.47,0,3.69,660,770
2,0,17,2.77,2.77,0,3.37,750,640
2.7,0,17,2.85,3.05,0,3.32,610,610
2,0,17,3.17,3.36,0,3.46,590,650
1,0,14,2.07,2.15,0,3.33,520,480
1.7,0,14,1.31,2.17,0,3.21,450,490
2.3,0,9,1.04,2.1,0,4,510,510
3.7,1,17,3.26,3.32,0,4,510,580
3.7,0,13,3.39,3.07,0,3.86,640,640
2.7,0,14,2.1,2.83,0,3.53,700,660
3,0,13,2.83,3.36,0,4,500,600
3,0,19,3.2,2.94,0,3.65,520,510
3.7,0,16,3.52,3.58,0,3.85,630,750
2.7,0,17,2.84,2.85,0,3.93,510,690
3.7,0,18,3.86,4,0,3.78,640,630
2,1,15,2.78,2.62,1,3.67,540,610
3.7,0,20,3.54,3.27,1,3.92,510,620
3,1,18,3.54,3.54,0,3.84,570,690
2.3,1,16,2.63,3.03,0,3.47,640,570
3.7,0,14,3.32,3.16,0,4,570,520
1.7,0,18,2.42,2.65,0,3.14,390,540
3,1,16,3.1,3.35,1,3.68,530,650
2.7,0,16,3.13,3.29,0,3.9,610,620
3,0,16,2.91,3.23,1,3.6,570,720
2,0,15,2.43,2.43,0,3.68,680,680
2.7,0,18,2.8,3.1,0,4,430,490
3.7,0,19,3.59,3.85,0,4,630,650
3,0,17,3,3.19,0,3.9,650,720
3.7,0,17,2.97,2.97,0,3.66,790,770
0,0,0,0,2.1,1,3.18,450,470
1.7,0,17,2.84,2.84,0,3.64,600,600
2.7,0,15,3.16,3.07,0,3.71,600,580
2.3,0,15,2.09,2.55,1,3.73,520,490
3,0,15,3.32,3.44,0,3.77,650,660
1.7,0,15,2.61,3.38,0,3.86,690,630
2.7,0,14,3.16,3.16,0,3.83,430,520
3,0,15,2.79,3.04,0,4,660,630
2.7,0,14,2.6,2.96,0,3.76,540,510
3,1,16,3.31,3.24,0,4,560,550
3.7,1,16,3.88,3.57,0,4,580,600
3,0,18,3.03,3.12,0,3.61,630,640
3.7,0,17,3.6,3.6,0,3.4,670,660
2.3,0,14,2.98,3.67,0,3.57,580,530
2,1,15,2.71,3.17,1,3.81,540,530
3.7,0,17,3.89,3.92,0,4,690,630
2.3,0,19,3.07,3.35,0,4,610,710
3,0,18,2.96,3.01,0,3.76,560,580
2.7,1,18,2.67,2.95,0,3.83,480,440
1,0,17,1.64,2.19,0,3.61,680,680
2.7,0,16,2.65,2.4,0,3.5,420,520
2.3,0,19,3.14,2.89,0,3.69,560,630
0,0,10,1.54,2.19,0,3.21,520,450
0,0,6,0.85,0.85,1,3.06,500,490
1.7,0,17,2.44,3.35,0,3.81,630,670
3,1,17,3.6,3.48,0,3.83,660,650
2.3,0,17,3.39,3.39,0,4,550,540
2.3,1,16,2.44,2.96,0,4,620,500
4,1,16,3.94,3.94,0,4,680,650
3.7,0,15,2.98,3.42,0,3.91,630,660
2.3,1,12,2.36,2.9,0,4,420,610
2,0,17,2.43,2.47,0,3.32,650,630
1.7,1,17,2.36,2.45,1,3.35,540,540
2,0,21,2.81,3.02,0,3.79,440,540
3.7,0,15,3.23,3.5,1,4,680,660
3,0,17,3.3,3.52,0,4,590,590
3,0,17,2.46,3.36,0,3.93,550,660
3.7,0,18,3.03,3.37,0,4,610,620
3.7,0,17,3.67,3.75,0,4,790,610
3,1,16,3.46,3.5,0,3.93,560,680
1.7,0,16,2.23,3.1,0,3.58,560,470
2.7,0,12,3.51,3.59,0,3,730,600
2.7,1,5,2.7,2.18,1,3.08,570,560
2.7,0,16,2.71,3.22,0,3.87,550,630
2.7,0,21,2.87,2.87,0,3.33,740,710
2.7,0,20,3.12,3.17,1,4,590,650
1,0,14,1.42,2.1,0,2.99,420,590
3.7,0,22,2.9,2.95,1,3.47,450,500
3.7,0,17,3.34,3.82,0,3.97,560,680
0,0,0,0.17,1.84,0,3.83,630,710
0,0,14,1.94,2.04,1,3.68,500,610
0,0,15,1.92,1.92,1,3.77,450,510
1,1,15,1.69,2.14,0,3.64,540,570
4,0,18,4,4,0,4,700,730
2.3,0,8,2.93,3.25,0,3.86,630,660
0,1,1,0.5,1.95,1,3.63,420,490
3,0,19,3.42,3.23,0,3.54,550,470
2.7,0,12,2.88,2.89,0,3.84,570,660
1.7,0,12,2.1,2.39,0,3.53,600,660
2,0,10,1.15,2.77,0,3.49,610,610
1.7,1,18,3.05,2.75,0,3.48,510,510
2.3,0,18,3.64,3.51,0,3.58,450,510
1.7,0,12,1.65,2.57,0,3.72,520,510
2.3,1,12,3.13,2.85,1,3.27,520,540
2.3,0,16,2.89,2.89,0,3.46,510,610
2,0,12,2.27,2.55,0,3.59,520,540
2.7,0,14,2.89,3.46,0,3.48,640,630
1.7,1,18,2.31,2.5,1,4,500,480
3,1,17,3.17,3.45,0,3.89,550,630
2.7,0,15,3.08,2.55,0,2.88,550,590
3,1,15,3.57,3.42,0,3.85,530,410
2,0,14,1.92,2.33,0,3.48,570,590
2.3,0,14,2.7,3.23,0,4,600,560
3.7,1,23,3.79,3.68,0,3.63,640,730
2.7,0,18,3.47,3.18,0,3.05,580,420
2.3,0,14,2.72,2.72,0,3.77,580,770
3,0,16,3.48,3.49,0,3.65,600,680
2.3,0,12,2.01,2.31,0,3.7,550,460
3,0,17,3.24,3.06,0,3.32,460,580
2.3,1,17,3.4,3.4,0,3.67,620,600
2.7,0,18,3.26,3.53,0,3.95,630,660
3.7,1,15,3.6,3.6,0,3.97,690,640
1,0,15,2.74,2.74,0,3.72,460,610
2.3,0,16,2.81,3.01,0,3.68,660,620
3.7,1,17,3.91,3.8,0,3.97,640,690
3.7,0,15,2.93,2.93,0,3.76,630,730
3,0,14,2.57,3.04,0,3.89,490,520
3.7,1,23,4,3.91,0,4,610,700
1,1,20,2.33,2.33,1,3.85,650,590
3.7,1,15,3.07,3.33,0,3.55,530,600
3.7,0,18,3.1,3.19,0,4,630,600
3,0,17,3.3,3.3,0,3.97,500,530
3,0,17,3,3,0,3.21,660,710
3,1,20,3.19,3.12,0,4,570,560
1.7,1,11,1.08,2.19,0,4,540,640
2,0,14,2.85,3.27,1,3.15,550,600
2.3,1,17,2.14,2.34,0,3.52,570,700
3.7,0,16,3.44,3.34,0,3.84,540,520
2,0,14,2.28,2.21,0,3.11,490,470
2.7,0,22,2.85,2.9,0,3.94,510,620
2,0,16,2.76,3.23,1,3.65,570,560
3,0,19,2.5,2.96,1,3.75,540,500
2,1,14,2.34,3.12,0,3.12,570,500
3.7,1,15,3.53,3.65,1,3.52,570,520
2.3,0,15,2.13,2.24,0,3.19,460,400
3,0,18,3.14,3.5,0,3.87,490,550
3.7,1,16,3.82,3.87,0,4,640,630
3.7,1,19,4,4,1,4,630,640
3.7,0,20,3.9,3.8,0,4,660,560
2.3,1,19,2.72,2.31,1,3.52,720,640
3,0,14,3.19,3.18,1,3.97,620,670
2,1,17,2.39,2.44,1,3.58,550,660
2,1,13,1.3,2.98,0,4,500,630
3,1,21,3.15,3.29,0,4,540,580
3.7,0,15,3.74,3.48,0,4,640,750
3,1,21,3.08,3.5,0,3.96,560,530
2.3,1,15,2.75,2.75,0,4,560,580
1.7,0,10,1.46,2.28,0,3.17,540,560
2,1,14,2.92,3.26,0,3.37,380,410
3.7,0,15,3.71,3.35,0,3.94,560,590
3,0,18,3.6,3.52,0,3.69,560,630
3.7,1,16,3.6,3.71,0,3.87,560,490
3.7,0,15,3.64,3.66,0,3.71,550,640
3.7,1,14,3.52,3.6,0,4,510,610
2.3,0,19,2.75,2.86,1,2.85,400,500
3,0,18,3.09,3.21,0,3.32,690,660
3,1,15,2.52,2.36,0,4,600,580
2.3,1,15,3.51,3.28,0,3.96,580,520
3.7,1,12,3.31,3.16,0,3.63,490,500
3.7,0,17,3.91,3.42,0,4,550,580
4,0,14,3.72,3.48,0,3.79,520,590
3.7,0,17,3.8,3.8,0,4,640,750
3.7,1,18,3.53,3.46,0,3.9,610,610
3.7,0,14,3.47,3.47,0,3.86,660,620
3,0,14,3.4,3.47,1,4,660,690
2,0,16,1.78,1.76,1,3.17,500,500
1.7,0,13,1.93,2.46,0,4,450,640
3.7,1,15,3.7,3.41,0,3.83,540,610
3.7,0,18,3.61,3.61,0,4,620,640
1.7,0,14,2.55,2.55,1,3.47,450,470
3.7,0,15,3.9,3.29,0,4,610,640
2.3,0,15,2.22,2.22,1,3.16,610,640
2.3,0,20,2.15,2.55,0,4,580,570
3.7,0,19,2.65,3.24,0,3.7,550,630
4,0,15,3.85,3.85,1,4,520,560
2,0,11,2.22,2.22,0,3.71,660,670
2.7,1,17,3.02,3.13,0,3.81,440,590
2,0,13,2.54,3.26,0,3.88,630,590
0,0,1,0,0.88,1,3.5,560,510
2.3,1,17,3.09,3.09,0,4,680,610
2.7,1,14,2.89,2.96,0,3.13,700,630
3.7,0,15,3.16,3.3,0,3.55,480,620
0,0,1,0.44,2.3,0,3.38,380,420
4,1,17,3.85,3.85,0,4,610,660
3.7,1,18,3.75,3.65,0,3.42,580,590
3.7,0,17,4,3.37,0,3.37,670,620
0,0,0,0,1.81,1,3.58,740,670
3,0,18,2.65,2.9,0,3.3,540,550
3,0,15,3.76,3.82,0,4,620,520
2.7,0,21,2.85,3.32,0,3.85,590,610
1,0,17,2.2,2.61,0,3.47,700,770
3.7,0,16,3.46,3.89,0,3.81,580,630
2.3,0,12,2.44,2.76,1,3.6,630,600
2.3,0,12,2.74,2.85,0,2.74,480,580
3.7,1,15,3.36,3.41,0,3.97,590,580
2.3,1,17,2.93,2.99,0,3.18,490,450
3.7,0,19,3.36,3.36,1,3.81,510,590
3.7,1,20,3.79,3.52,0,4,600,570
3,1,16,2.96,3.1,0,3.79,590,640
3.7,1,17,3.56,3.55,0,4,530,570
4,0,15,3.66,3.7,0,4,610,590
3.7,1,15,3.84,3.7,1,4,730,700
2.3,0,14,3.3,3.3,0,4,560,610
1,1,19,2.16,2.57,0,3.33,660,570
0,0,6,0.93,1.77,1,3.69,640,580
0,0,7,0.8,1.76,1,3.69,630,560
4,0,15,4,3.63,0,3.82,680,720
2.7,1,13,2.64,3.07,0,4,450,520
3,1,18,3.35,3.35,0,3.57,560,750
2.7,0,15,2.5,2.92,0,3.75,600,550
3.7,0,14,3.7,3.58,0,3.11,670,640
1.7,1,19,2.11,1.97,0,3.67,720,720
3.7,0,15,3.9,3.85,0,3.88,610,620
3.7,1,16,3.7,3.57,0,3.97,490,570
2.3,0,13,1.71,2.63,0,3.41,450,620
2.3,1,18,2.97,3.11,0,3.89,460,520
2.7,0,16,3.01,3.15,0,3.5,520,550
1.7,0,9,2.67,2.25,0,3.35,490,560
2.3,1,18,2.4,2.78,1,3.82,400,430
3.7,0,16,3.78,3.78,0,3.81,790,750
3,1,19,3.6,3.6,1,3.96,520,460
0,0,10,1.5,1.74,1,3.66,490,530
2.3,0,18,2.66,2.5,0,3.78,580,530
3.7,0,15,3.5,3.1,0,3.83,710,700
1.7,0,17,1.97,1.97,1,3.43,510,530
2.7,0,12,2.7,2.65,0,3.76,410,370
2.7,0,17,2.51,2.82,0,4,500,630
2.7,0,17,2.84,3.04,0,3.37,630,570
1.7,0,14,2.4,1.98,0,3.38,540,410
3.7,0,16,3.15,3.21,0,3.11,550,540
0,0,9,2.05,2.36,0,3.1,580,560
2,0,14,2.79,3.32,0,4,510,580
2.3,0,11,2.84,2.74,0,3.74,550,540
2,1,13,1.91,2.15,0,3.76,560,420
3,1,16,3.56,3.56,0,3.55,630,670
1.7,0,18,2,2.15,0,4,570,630
2,0,14,2.38,2.4,0,3.14,450,540
2,0,11,1.87,2.48,0,3.52,510,510
2.3,1,15,2.91,2.64,0,3.33,510,480
2,1,12,2.41,2.65,0,3.79,540,480
2.3,1,14,2.9,2.64,0,3.48,480,500
3.7,0,14,3.43,3.52,0,3.94,560,500
2.3,0,12,1.9,2,1,2.68,490,540
1.7,0,16,2.13,2.13,0,4,700,630
4,1,26,3.7,3.7,0,3.61,600,700
3.7,1,16,3.46,3.46,0,3.94,580,590
3,0,13,2.83,2.36,0,3.65,510,590
3,1,15,3.5,3.47,0,3.49,550,600
2.3,0,14,3.01,2.84,0,3.94,480,550
3,0,18,2.52,2.71,0,3.32,550,570
2.3,1,17,3.31,3.31,0,3.96,600,640
2.3,1,15,2.83,3.28,1,4,430,610
3,0,16,3.25,3.13,0,3.75,630,570
2.7,0,18,3.33,3.34,0,3.52,690,680
2.3,0,13,2.34,2.34,0,3.77,570,730
3,0,15,3.18,2.97,0,3.9,540,570
3.7,0,16,2.5,3,0,3.42,670,640
3,0,19,3.23,2.95,0,4,580,710
3,0,16,3.36,3.44,0,3.74,650,680
0,0,16,1.61,2.06,0,3.38,550,630
2.7,0,17,2.7,3.18,0,3.28,560,490
2,0,22,3.58,3.11,0,3.78,610,590
3.7,1,11,3.47,2.87,0,3.6,650,630
0,0,6,0.62,2.31,0,4,660,550
3.7,1,18,3.47,3.45,0,4,620,650
2,0,19,2.16,2.16,0,3.72,580,520
3,1,19,3.36,3.47,1,4,610,610
3,0,14,3.3,3.3,0,3.73,630,600
2.3,0,10,3.09,3.56,0,4,670,640
1,0,14,1.49,2.68,0,3.96,470,520
1,0,17,1.81,1.6,0,3.54,520,570
3.7,0,15,3.74,4,0,3.71,670,620
3.7,1,18,3.55,3.42,0,4,450,540
2.3,0,6,1.33,2.38,1,3.3,470,460
3,1,17,3.45,3.24,0,3.79,540,580
3.7,0,18,3.17,3.04,0,3.85,700,630
3.7,0,14,3.67,3.45,0,4,620,640
3,1,17,3.28,3.28,0,3.72,560,640
3.7,0,15,3.45,3.31,0,3.94,670,510
2.7,0,16,2.86,3.54,0,3.08,590,540
3.7,1,16,3.79,3.89,0,3.86,480,640
4,1,17,4,3.88,1,4,600,600
1.7,0,9,1.37,2.4,0,3.34,450,370
3,0,14,3.21,2.69,1,3.93,690,680
3,0,16,3.45,3.36,0,4,600,650
2.3,0,15,2.64,2.64,1,3.54,630,680
3,0,18,3.03,3.03,0,3.82,680,730
2.7,1,18,3.47,3.47,0,3.78,700,640
3,0,18,2.93,3.19,0,3.62,720,610
2.7,1,13,2.76,2.93,0,3.67,550,520
1.7,0,5,1.25,2.51,0,3.83,450,440
0,0,6,1.08,2.01,0,3.48,690,650
2.3,0,14,2.78,3.33,0,3.15,520,380
3.7,0,16,3.19,3.2,0,3.61,770,630
2.7,1,13,2.58,2.38,0,3.96,380,590
3,0,12,3.33,2.9,0,3.34,500,550
0,1,2,4,2.6,0,3.39,640,670
2,0,16,2.66,2.66,1,4,580,640
3,1,21,3.23,3.29,0,4,740,640
3.7,1,17,3.9,3.94,0,4,600,650
2,0,7,1.7,2.09,0,3.44,500,590
3.7,1,15,3.32,3.61,0,3.91,750,680
2.7,0,12,2.43,2.62,0,3.59,530,600
0,0,11,1.3,2.84,1,4,560,550
2,1,15,2.89,2.59,0,3.88,590,660
2,0,18,2.22,2.71,0,3.15,360,600
3.7,0,18,4,3.64,0,4,600,600
2.3,0,19,2.29,2.84,0,3.72,680,630
0,0,7,1.9,1.9,1,4,590,510
1,0,12,1.44,2.33,0,3.05,480,440
3.7,1,16,3.28,3.23,0,3.94,560,550
2.3,0,19,2.43,2.47,0,3.29,620,630
3.7,1,16,3.41,3.47,1,3.84,640,570
3.7,0,16,4,3.76,0,4,480,600
2.7,0,17,2.11,2.61,0,3.96,650,660
2.7,0,14,2.95,3.11,0,3.82,650,640
3,1,19,3.13,3.12,0,3.61,550,690
2.7,0,21,3.15,3.15,0,3.51,570,610
2.7,0,17,3.01,2.97,0,3.8,630,620
3,0,15,2.1,2.35,0,3.7,660,630
2.3,0,13,3.61,3.44,0,3.71,550,560
2,0,16,2.98,2.75,0,4,490,650
2.7,1,15,3.1,3.18,0,3.66,500,420
2.7,1,18,2.76,3.25,0,3.59,530,520
3,1,14,3,3.04,0,3.3,440,550
2,0,16,2.85,3.09,0,3.97,510,460
1,1,15,1.92,2.13,1,3.99,560,630
4,1,18,3.87,4,0,4,660,630
2.3,0,15,2.98,2.98,0,3.85,590,600
1,0,14,1.36,2.16,0,3.54,580,530
3,0,20,3.5,3.03,0,3.68,770,610
2.7,0,20,3.13,3.26,0,3.91,640,670
3,0,19,3.1,3.1,1,4,580,690
3,0,19,3.2,3.4,0,4,650,630
3,0,14,3.65,3.67,0,3.96,590,660
3,0,22,3.65,3.65,0,3.55,750,680
2,0,18,2.32,3.06,0,3.93,660,530
1.7,0,18,2.16,2.4,0,3.79,320,310
3,0,17,3.26,3.24,0,3.82,600,650
2.3,0,20,2.7,2.7,0,3.64,580,530
3.7,0,11,1.84,1.9,0,3.38,630,740
2.7,0,14,3.71,2.93,0,2.9,480,580
1.7,0,8,1.53,2.48,0,3.83,490,460
3.7,0,17,3.36,3.56,0,3.85,440,420
2,0,12,2.42,2.64,0,3.7,570,550
3.7,1,12,3.8,3.65,0,4,430,580
2.7,1,17,3.24,3.24,0,4,550,740
3,0,12,2.95,3.27,0,3.82,550,420
4,1,14,4,3.88,0,4,560,800
2.3,0,14,2.5,2.44,0,3.78,510,510
3,0,18,3.47,3.47,0,3.55,770,620
2.7,1,17,3.95,3.8,1,3.76,470,560
3.7,1,17,3.73,3.7,0,4,540,610
0,0,15,2.19,2.5,0,4,610,640
2.7,0,15,3.3,3.39,0,3.83,630,640
2.3,1,13,3.13,2.84,0,3.49,460,570
2.7,0,15,3.5,3.14,0,3.97,520,540
2.3,0,7,3.07,3.31,0,3.23,460,310
3.7,0,12,3.53,3.06,0,3.94,500,600
1,0,13,1.38,1.38,1,3.38,480,730
2.3,1,15,2.66,2.89,0,4,480,620
3.7,1,17,3.52,3.52,1,3.68,640,790
4,1,18,3.81,3.81,0,3.74,710,600
3.7,1,19,3.36,3.42,0,3.96,430,620
3.7,0,19,3.15,3.37,0,4,480,640
3.7,1,15,3.56,3.48,0,3.96,500,560
2.7,0,15,3.37,3.56,0,3.26,600,620
3.7,1,19,4,4,1,4,680,690
3.7,0,17,3.08,3.08,0,3.3,710,750
2.3,0,15,2.8,2.8,0,3.66,480,690
1,0,20,2.23,2.23,0,3.68,610,640
2.7,0,17,2.6,3.1,0,3.62,610,620
2,0,11,1.35,2.02,1,3.21,550,630
2.3,0,17,3.16,3.16,0,3.52,580,590
1,0,15,1.35,1.75,1,3.5,380,550
3.7,0,15,3.56,3.42,0,3.3,630,660
3,1,13,3.05,3.05,0,3.5,630,670
0,1,9,1.63,3.02,1,2.64,510,500
2.3,1,16,2.77,2.68,0,3.7,550,560
0,0,11,0.87,1.67,1,3.06,470,580
2.3,0,15,2.5,2.51,0,4,460,520
2.7,0,16,3.1,3.1,0,4,640,630
2.3,0,15,3.01,3.09,0,3.5,620,550
2.7,1,17,2.92,2.92,0,3.79,640,630
0,0,20,2.09,3,0,3.58,720,610
2.7,1,13,3.8,3.57,0,3.28,500,520
3.7,0,17,3.17,3.17,0,3.87,650,550
2.3,0,16,3.07,2.66,0,3.42,560,630
2,0,21,2.15,2.24,0,3.66,560,640
3.7,1,16,4,3.52,0,3.58,550,680
1.7,0,17,2.22,2.69,0,3.82,600,590
0,1,9,1,2.01,1,3.21,600,590
1.7,0,17,1.87,2.25,0,3.96,460,530
3,0,16,3.6,3.6,0,3.76,650,660
3,0,17,3.62,3.64,0,3.64,580,680
3,0,23,2.65,2.93,0,3.48,520,560
3.7,1,14,3.9,3.9,0,4,650,640
3.7,1,15,3.76,3.7,0,3.87,430,440
3.7,0,20,3.4,3.37,0,3.84,620,530
2.3,1,14,2.6,2.48,0,3.88,410,500
2.7,1,16,3.52,3.31,0,3.9,640,560
2.3,0,16,2.29,2.56,0,3.01,460,460
2.7,0,17,3.51,3.41,0,4,640,620
3,0,14,3.33,2.7,0,3.19,570,640
3.7,0,15,3.9,3.76,0,4,570,520
3,0,16,2.84,2.96,1,3.6,600,590
2.7,0,15,3.38,3.42,0,3.63,510,480
0,1,10,1.56,2.88,1,3.94,610,540
2.3,1,18,3.08,3.14,0,4,620,540
2.3,0,12,2.39,2.4,0,3.35,570,560
3,0,9,2.17,3.02,0,4,580,650
2.3,0,18,3.05,3.22,0,3.66,530,540
3,0,15,3.7,3.27,0,3.9,620,660
2.3,0,15,2.81,2.96,0,4,550,620
3,1,14,2.72,2.97,0,3.13,680,590
2,0,14,2.95,3.08,0,3.6,580,480
2,0,14,2.65,2.74,0,3.92,680,700
2.7,1,18,2.92,2.25,0,3.17,700,610
1,0,14,1.55,1.55,1,3.32,600,660
1.7,0,21,1.94,2.57,0,3.16,570,650
3,0,13,3.22,3.09,0,4,550,620
2.7,0,12,3.4,4,0,3.84,630,540
0,0,12,1.77,1.67,1,3.63,580,530
2.3,0,17,2.36,2.36,1,3.97,650,580
2.7,0,12,1.88,1.74,1,3.38,440,610
3,0,16,3.63,3.53,0,3.7,640,670
2.3,0,17,2.67,2.29,1,3.52,610,620
4,1,18,4,3.93,0,3.74,660,610
2,0,15,2.41,2.84,0,3.85,450,450
2.7,0,14,3.06,3.08,1,3.7,630,540
3,1,17,3.11,2.82,0,3.81,660,610
3,1,16,3.1,3.1,0,3.93,600,650
3,0,16,3.45,3.46,0,4,550,480
0,0,6,0.85,0.79,0,3.11,480,470
1.7,0,16,2.7,2.36,1,3.48,630,600
2.3,0,18,2.4,2.29,0,3.05,630,630
3.7,0,19,3.64,3.64,0,4,550,660
3.7,0,15,2.8,3.09,0,3.81,580,590
3.7,0,18,3.54,3.38,0,3.7,650,720
1,1,15,2.41,2.41,0,3.47,540,550
2.7,0,15,2.36,2.72,0,4,570,620
4,0,17,3.87,3.87,0,3.58,560,630
3,0,18,3.4,2.99,0,3.85,640,560
3.7,0,15,3.42,3.62,0,4,600,760
2.7,0,15,2.96,2.96,0,4,540,620
3.7,0,16,3.31,3.31,0,4,620,690
2,1,22,2.78,3.21,0,3.92,580,540
4,0,15,3.44,2.67,0,3.78,620,710
4,1,17,4,3.94,0,4,620,590
3.7,1,15,2.76,2.94,0,3.93,560,550
1.7,0,15,1.96,2.38,0,4,570,540
3,0,14,3.69,3.29,0,3.76,580,600
2.3,0,13,2.5,3.07,0,3.18,420,500
2,0,12,1.2,2.12,0,3.58,590,600
2,1,17,3.04,3.33,0,4,480,610
3,1,15,3.32,3.32,0,3.97,490,500
2.3,0,17,2.61,2.98,0,3.68,510,630
2.3,0,16,3,3,0,3.77,680,600
2,0,17,3.27,3.46,0,3.96,540,630
3.7,0,20,2.88,2.48,0,3.43,570,590
2,0,18,2.41,3.1,0,3.68,510,600
3.7,0,15,3.56,3.74,0,3.96,550,620
3.7,1,14,3.74,3.49,0,4,510,540
3.7,0,15,3.25,3.37,0,3.72,610,680
3,1,16,3.36,3.21,0,4,770,750
4,0,24,4,3.95,0,3.82,580,680
2.3,0,17,1.95,2.87,0,3.71,580,550
2.3,0,18,2.65,2.98,1,3.78,540,520
4,0,14,3.23,3.25,0,3.69,600,610
3.7,1,18,3.4,3.1,0,3.61,680,590
3.7,0,11,3.67,3.55,0,3.22,660,700
2.3,0,17,2.74,2.74,0,3.62,490,530
3.7,0,15,3.3,3.42,0,3.47,580,540
3.7,0,15,3.56,3.73,1,3.81,590,580
2,0,9,0.93,2.47,1,2.71,650,600
2.7,1,17,2.2,2.7,0,3.69,540,590
2.3,0,9,2.11,3.09,0,3.53,440,520
3.7,0,15,3.44,3.09,1,3.84,540,490
3.7,0,15,3.68,3.68,0,3.44,500,490
2.3,0,17,3.12,3.15,1,3.42,480,520
3,1,14,3,3,0,3.43,700,660
2,0,11,2,1.45,0,3.81,460,520
1.7,0,17,2.44,2.82,0,3.69,640,630
1.7,0,14,2.3,2.95,1,3.6,550,570
3.7,0,15,3.3,3.55,0,3.8,730,640
2.7,0,15,2.48,3.25,1,3.92,590,560
3.7,1,10,2.63,3.1,0,3.77,510,580
3,0,22,3.09,3.36,0,3.4,610,610
3.7,1,17,3.51,3.57,0,4,600,590
2.3,0,12,3.1,2.69,0,3.15,520,540
2.7,0,14,2.55,2.55,0,3.32,420,650
3.7,0,19,3.49,3.59,0,3.77,610,640
2,0,13,2.53,2.55,0,4,540,580
3.7,0,17,3.55,3.61,0,3.94,590,590
3.7,1,15,3.48,3.63,0,4,660,590
3.7,0,16,3.07,3.3,0,3.61,550,520
3.7,0,23,3.63,3.68,0,3.73,620,660
2.3,1,19,3.35,3.25,0,3.81,370,470
4,1,16,3.86,3.55,0,4,620,680
2.7,0,18,3.18,3.21,0,3.71,700,700
3,1,14,3.49,3.4,0,3.66,660,630
3.7,0,20,3.56,3.53,0,3.91,630,660
3,0,15,2.84,2.9,0,3.8,650,620
3,0,16,3.13,3.49,0,3.07,590,640
2.7,0,19,2.67,2.82,0,3.58,400,480
4,0,18,4,3.95,0,4,720,750
3,0,18,3.33,2.88,0,3.22,720,600
3,0,16,3.05,3.3,0,3.4,740,730
3.7,0,17,3.73,3.55,0,3.91,610,650
2.3,0,17,3.03,3.04,0,3.37,510,670
3,0,16,2.71,2.85,0,3.87,640,660
3.7,0,14,3.1,2.84,0,3.39,610,610
3.7,0,17,2.91,3.15,0,3.9,550,590
3.7,0,17,3.91,3.64,0,3.92,430,620
3,1,17,2.98,3.04,0,3.35,570,660
2.7,0,11,1.64,2.16,0,3.72,480,660
2.3,1,12,2.69,2.93,0,3.77,560,580
3,0,12,2.8,2.8,0,3.82,700,600
2.7,0,15,3.49,4,0,3.54,560,620
2.7,0,15,3.16,3.4,0,3.77,640,660
3,0,15,3.21,3.42,0,3.76,590,650
2,0,14,1.49,2.2,0,3.93,540,570
1.7,0,17,2.33,2.33,0,3.41,620,670
3.7,1,18,3.69,3.81,0,3.79,570,630
2,0,17,2.35,2.84,0,4,530,500
3.7,0,22,3.71,3.82,0,3.87,690,740
2.3,0,22,2.97,2.95,0,3.71,480,520
3,0,15,3.6,3.6,0,3.17,510,590
0,0,13,1.92,1.92,1,3.71,610,670
3.7,1,16,3.5,3.65,0,3.79,490,490
3,0,15,3.27,3.41,0,3.78,590,540
2.3,0,16,3.18,3.18,1,3.81,510,580
2.7,0,14,2.43,2.92,0,3.83,530,550
1.7,0,11,1.56,1.72,1,3.68,670,660
2.3,0,13,2.46,2.73,1,2.92,590,580
3.7,0,14,3.55,3.58,0,3.28,420,630
2,0,14,2.07,2.7,0,3.61,570,620
3.7,1,15,3.26,3.34,0,3.58,640,660
3,1,18,2.13,2.69,1,4,600,680
2.7,1,14,3.17,3.47,0,3.71,450,410
3,1,19,3.56,3.62,0,3.43,620,590
3.7,1,18,3.62,3.05,0,3.68,470,500
3.7,0,16,3.48,3.17,0,3.77,540,630
2,0,18,3.02,2.9,0,3.62,580,560
3.7,0,20,3.41,3.33,0,3.68,590,680
2.7,0,15,3.59,3.27,0,3.97,570,690
3,1,16,3.76,3.6,0,3.29,540,600
2.3,0,19,2.75,2.92,0,3.97,650,740
2.3,0,12,2.76,2.76,0,4,430,500
3,0,13,2.77,3.13,0,3.91,620,600
3,0,17,2.73,2.85,0,4,530,620
3,1,22,3.7,3.7,1,3.97,650,530
2.3,0,14,1.81,2.47,0,3.76,650,620
2.3,0,18,3.02,3.1,0,3.7,570,650
2.7,0,14,3.1,3.1,1,3.78,640,720
2,1,16,2.73,3.5,1,2.9,420,400
0,0,0,0,1.96,1,4,520,530
3,1,14,2.87,3,0,3.77,550,520
0,0,5,0.63,0.63,1,3.53,600,620
3,1,18,3.5,3.53,0,3.06,630,680
1,0,21,2.11,2.11,0,3.41,610,560
3,0,15,2.52,3.02,0,3.81,500,580
2,0,14,1.87,1.9,1,3.39,610,570
3,0,17,2.32,2.7,0,3.41,550,450
2.3,1,20,3.03,3.17,0,3.71,470,540
3.7,0,16,2.99,2.99,0,3.99,570,710
3,0,16,3.55,3.66,0,3.96,580,620
3.7,1,17,3.75,3.75,1,4,610,580
2.3,1,14,2.32,2.3,0,4,510,560
2.7,0,14,2.76,3.06,0,3.61,530,600
1.7,0,15,1.88,2.26,0,3.57,620,680
2.7,0,12,3.1,3.05,0,3.44,570,640
1.7,0,16,2,2.23,0,3.61,540,560
2.3,0,13,1.86,3.18,0,3.76,580,550
0,0,11,1.18,1.15,1,3.77,700,590
3.7,1,17,3.51,3.58,1,4,620,680
3,0,17,3.24,3.09,0,3.61,500,530
2.3,0,15,2.43,2.52,0,3.78,670,700
3,0,15,3.06,3.17,0,3.86,440,540
3.7,0,13,3.14,2.48,0,2.93,470,640
3,0,15,2.4,2.55,0,3.7,560,520
1,1,17,2.71,2.38,1,3.66,700,590
2,0,16,2.19,2.47,0,3.85,720,750
3.7,0,20,3.53,3.57,0,3.37,540,640
2,1,15,1.5,1.65,1,3.44,620,640
3.7,0,16,3.83,3.7,0,3.78,660,740
3.7,0,20,3.71,3.78,0,3.94,550,720
0,0,10,1.32,0.82,1,2.81,630,670
3.7,0,15,3.87,3.84,1,4,630,640
2,0,14,0.81,2.52,1,3.26,470,520
3,0,12,3.08,3.48,0,4,570,630
3.7,0,16,3.58,3.58,0,3.57,620,720
2,1,15,2.33,2.8,0,4,460,450
0,0,4,0.13,1.8,1,3.36,660,660
2.7,0,14,3.06,3.12,0,4,730,660
2.7,0,21,3.02,3.27,0,4,540,680
2.7,0,18,3.37,3.28,0,3.97,570,530
2.3,0,16,3.06,3.4,0,3.32,620,510
4,1,13,4,3.78,0,3.88,690,680
4,0,16,4,3.81,0,3.65,600,630
3.7,0,16,4,2.86,0,2.68,590,670
3.7,0,16,3.73,3.66,0,3.62,580,660
3,1,15,3.06,3.08,0,3.61,630,520
0,0,4,0.76,2,1,3.68,500,550
2.7,0,14,2.64,2.11,0,3.6,720,630
2.7,0,19,2.43,2.71,0,3.03,600,640
3,0,14,3.15,3.15,0,3.93,720,680
0,0,4,0.69,1.96,0,3.56,490,570
2.7,1,18,2.72,2.65,0,3.57,490,510
3.7,1,18,3.75,3.75,0,3.88,590,640
2.3,0,18,3.56,3.2,0,3.97,680,630
4,0,14,4,3.92,0,3.85,570,550
3.7,0,21,3.33,3.15,0,3.56,650,580
3.7,1,11,3.49,3.44,0,3.92,470,500
3,0,15,3.5,3.4,0,3.88,550,580
3,0,16,2.5,3.11,0,3.67,610,560
2,1,17,2.62,2.62,0,2.68,700,730
0,0,1,0.56,2.43,0,3.76,640,610
3.7,0,15,4,3.49,0,3.77,580,680
3.7,0,18,3.58,3.62,0,3.8,710,680
1,0,17,2.05,2.41,1,3.63,610,570
3.7,1,15,3.78,4,0,4,440,600
2,1,16,3.22,3.34,0,3.06,590,520
3.7,0,17,2.17,2.01,0,3.5,690,750
3.7,0,16,3.08,2.7,0,3.71,600,660
3.7,0,15,3.62,3.69,0,3.13,650,650
3.7,0,16,3.66,3.65,0,4,580,560
2.7,0,20,3.1,3.1,0,4,640,540
0,0,10,2.19,2.33,0,3.67,510,580
3,0,16,3.36,3.66,0,3.96,580,540
3,0,14,3.11,3.3,0,3.89,530,670
3,1,13,2.88,2.99,0,3.56,550,490
2.7,0,15,3.02,3.22,0,3.28,690,680
3,0,17,3.75,3.75,0,3.72,660,720
3,1,17,3.05,3.05,0,3.62,600,610
2,0,17,2.91,3.14,0,3.58,590,650
0,0,9,1.35,2.04,1,2.63,530,440
0,0,9,1.37,2.16,0,3.92,460,530
0,0,15,1.07,2.62,0,3.2,450,510
3,0,14,3.57,3.4,0,3.41,540,480
2.3,1,17,3.6,3.37,0,3.82,570,500
2.7,1,13,3.23,3.23,0,4,500,520
4,1,15,4,3.61,0,3.91,650,670
1,0,13,1.3,1.96,1,2.35,430,530
2.7,0,14,2.89,2.74,0,3.89,480,490
0,0,9,2.2,2.2,0,3.51,500,500
2,1,14,1.52,2.46,0,4,390,410
2.3,0,17,3.48,3.62,0,4,630,520
3,1,21,3.32,3.21,0,3.86,360,530
3,0,18,3.51,3.57,1,3.98,790,700
3.7,0,12,3.54,3.63,0,3.79,440,520
3.7,0,15,2.81,3.15,0,3.7,490,510
3,0,22,3.09,3.67,0,3.86,650,660
2.7,1,16,3.33,3.12,0,3.58,490,500
2.3,0,12,1.89,2.24,0,3.41,480,620
3,0,13,2.7,2.98,0,3.56,570,590
3.7,0,14,3.75,3.75,0,3.97,630,610
2.7,0,13,2.33,2.43,0,3.31,560,560
2,0,16,2.56,3.01,0,3.79,520,540
2,0,11,1.97,2.06,0,3.72,690,630
3,0,22,3.01,3.2,0,3.78,600,580
3,0,15,2.61,3.15,0,3.8,530,700
3,0,16,2.82,3.42,0,3.91,660,710
2,0,22,2.07,1.95,1,2.91,580,580
3.7,0,17,3.71,3.66,0,3.85,550,540
2,1,15,2.47,2.62,0,3.84,480,440
3.7,0,15,3.77,3.94,0,4,670,740
3.7,0,17,3.42,3.35,0,3.51,610,660
2.3,1,15,2.63,3.36,0,3.57,590,620
3.7,0,16,3.9,3.92,0,3.91,590,650
0,1,6,0.85,1.69,1,3.4,630,650
0,0,3,0.12,0.89,1,2.93,550,610
0,0,11,1.46,2.05,1,3.6,610,730
3.7,0,17,3.87,3.72,0,3.81,570,720
3,0,14,2.72,3.04,0,3.89,490,530
0,1,10,1.68,2.08,1,3.93,630,610
1.7,0,20,2.27,2.13,1,3.75,720,680
3,0,14,3.51,3.51,0,3.8,580,620
3.7,0,17,3.43,3.71,0,4,520,550
0,0,12,1.66,2.12,0,3.77,530,490
2.7,0,20,2.52,3.08,0,4,490,480
3.7,0,16,3.05,3.41,0,4,660,740
0,0,11,0.61,1.39,1,3.2,720,660
0,1,9,1.06,1.73,1,3.36,510,520
2.3,1,21,3.2,3.2,0,4,660,640
3.7,0,17,3.85,3.85,0,3.79,570,620
3,0,19,3.13,3.23,0,3.91,670,590
4,1,16,3.73,3.76,0,4,600,660
0,0,13,1.99,1.99,0,3.23,630,640
2,0,16,2.51,2.51,1,3.55,630,660
3,0,14,2.63,2.15,0,4,590,590
2,1,15,2.91,2.6,0,3.14,520,550
1.7,1,15,2.87,3.09,0,3.96,630,600
4,0,17,3.8,3.75,0,4,450,590
3.7,0,13,3.38,3.62,0,3.67,370,580
2,1,7,2.12,2.72,0,3,510,620
3,1,14,3.36,3.36,0,3.65,610,560
3.7,0,19,3.31,3.31,0,3.94,560,550
1,0,11,1.46,1.99,0,3.47,660,590
3,1,14,3.57,1.95,1,3.62,590,620
3.7,0,15,3.62,3.62,0,3.46,460,610
3.7,1,15,3.56,3.66,1,4,570,660
1.7,0,14,1.95,3.42,1,3.17,530,530
4,0,18,3.65,3.55,0,3.56,550,620
3.7,0,16,3.9,3.9,1,4,600,550
3,0,13,3.1,2.91,0,3.32,570,550
4,1,13,4,3.8,0,3.92,650,700
4,0,16,3.82,3.72,0,3.71,520,700
2.7,1,17,2.68,2.68,0,3.97,770,820
3.7,0,16,3.84,3.79,0,3.96,610,500
3.7,0,13,3.44,3.45,0,3.38,530,450
2.3,0,17,3.02,2.72,0,3.13,520,540
2,0,16,1.34,1.6,1,3.64,490,600
3.7,1,15,3.44,3.64,0,3.36,590,610
2.3,0,22,3.02,3.07,0,3.69,460,600
3,1,17,3.58,3.58,0,4,590,510
2.3,0,17,3.25,3.49,0,3.72,650,650
2.7,0,14,3.53,4,0,4,420,470
2.3,0,15,2.62,2.62,0,3.27,640,690
2.7,0,15,2.42,2.54,0,3,630,640
2,1,18,3.03,2.76,0,4,600,630
3.7,1,18,3.31,3.28,0,4,580,620
3.7,1,15,3.47,3.47,0,3.94,540,620
3.7,0,15,3.22,3.33,0,3.71,540,610
2,0,23,2.65,2.66,0,3,530,500
2.7,1,15,2.82,2.96,0,3.55,490,420
2.3,0,13,2.87,2.98,0,3.15,490,570
0,0,9,1.56,2.91,1,3.87,420,420
2,0,17,2.21,2.47,1,3.2,530,560
3,0,17,3.56,3.56,0,3.78,640,680
2.7,0,12,1.56,2.16,1,3.52,590,640
2.3,0,15,2.37,2.56,0,4,480,430
1.7,1,20,2.51,3.09,0,3.8,630,580
3.7,1,15,3.56,3.69,0,4,740,750
3.7,0,19,3.92,3.92,0,3.83,530,660
3,0,18,3.12,3.35,0,4,510,570
2,0,15,2.06,2.42,0,4,550,520
3.7,0,14,3.04,3.35,1,4,690,660
2.3,0,21,2.58,2.58,0,3.89,580,730
1,0,18,1.89,2.26,0,3.36,620,610
3.7,0,14,3.8,3.24,0,3.79,640,620
3.7,0,17,3.52,3.52,0,3.79,730,680
1.7,0,14,2.77,2.77,0,3.89,570,560
3,0,15,3.06,2.88,0,4,600,550
3,0,13,2.95,3.1,0,3.78,500,550
4,0,15,3.6,3.74,0,3.97,620,620
2.7,0,14,3.32,3.32,0,3.37,680,690
3,0,17,2.81,2.81,0,3.69,700,790
2.7,1,16,2.76,2.76,0,4,530,630
3,0,15,2.02,2.47,0,3.64,660,720
2.3,1,14,2.81,2.81,0,3.17,590,590
3,0,20,3.38,3.61,1,4,620,550
2.7,0,18,2.36,2.6,1,3.22,610,600
3.7,0,15,3.42,3.68,0,3.3,610,570
3,1,15,3.6,3.6,0,3.68,610,630
3.7,0,15,3.5,3.61,0,3.61,720,730
1,0,11,1.35,2.15,0,3.45,590,640
2.7,0,17,2.5,2.56,0,3.17,540,700
1.7,0,17,2.79,2.52,0,3.68,820,690
3.7,0,15,3.42,3.26,0,3.69,480,540
3.7,1,15,3.67,3.59,1,4,550,620
2.7,0,17,2.63,2.77,0,3.55,540,500
1,0,16,2.31,2.31,0,4,630,590
2.3,0,21,2.53,2.43,0,3.15,500,530
2.7,0,18,3.15,3.11,0,3.66,680,670
3,0,15,2.79,3.02,1,4,520,560
3,0,15,3,3.1,1,3.52,590,610
3.7,0,20,2.64,2.77,0,3.69,490,510
2.7,0,18,2.67,3.16,0,3.23,590,610
2,0,15,1.88,2.68,0,3.79,610,590
2.3,0,18,2.91,3.28,0,3.78,600,630
3.7,1,13,3.83,3.83,0,3.79,640,720
2.7,1,15,2.97,2.45,0,3.54,590,610
3.7,0,8,3.55,3.11,0,4,460,630
2.3,1,15,3.18,3.01,0,3.43,720,690
1,0,8,1.31,1.67,0,3.43,470,550
3,0,16,2.9,3,0,3.81,610,610
3.7,1,16,3.67,3.67,0,4,620,670
1,0,18,2.72,2.42,0,2.99,580,530
2,1,16,2.87,3.12,1,4,350,470
2.3,0,14,2.71,2.87,0,3.66,540,590
1.7,0,17,2.9,3.07,0,4,410,380
3,0,17,3.4,3.4,0,4,620,600
2,0,16,2.24,2.76,0,4,640,590
2,0,18,2.55,2.36,0,2.92,530,560
2.7,0,15,3.28,3.28,0,4,640,680
2,0,19,2.99,3.08,0,3.77,550,490
2.3,0,16,2.46,2.77,0,2.55,610,590
0,0,10,1.36,2.33,0,3.43,660,550
3.7,0,15,3.53,3.55,0,3.65,530,650
2,0,15,1.54,1.99,0,3.86,600,520
2,1,14,2.34,2.5,0,3.97,410,400
3.7,1,17,3.85,3.68,0,3.91,420,640
3.7,0,22,3.58,3.22,0,3.86,640,700
3.7,0,19,3.53,3.72,0,3.59,640,640
2.3,0,17,2.61,2.52,0,3.66,640,600
3.7,0,14,3.4,3.41,0,3.45,490,640
4,1,15,4,3.81,0,3.93,700,660
3.7,1,16,3.89,3.59,0,3.97,560,530
3.7,0,26,3.72,3.52,0,4,650,670
3,0,14,2.95,2.84,1,3.83,510,560
3.7,0,17,3.33,3.33,0,3.91,610,700
3,0,18,2.49,3.02,0,4,680,640
3.7,0,15,3.42,3.33,0,3.62,680,680
2,0,18,1.73,1.9,1,3.43,560,580
2,0,14,2.55,2.87,0,3.64,410,420
3.7,0,14,3.82,3.59,0,3.62,490,650
3,1,21,3.53,3.71,0,3.72,600,620
4,1,16,3.92,3.93,0,3.44,700,800
1,1,12,0.91,1.14,1,3.6,630,640
2.3,0,18,2.68,2.97,0,3.88,700,620
2.7,0,23,2.7,3,0,4,650,630
2.3,1,16,2.2,2.6,0,3.52,540,590
0,0,12,1.77,1.85,1,3.61,630,600
1,0,15,2.64,2.57,0,3.56,510,580
1,1,10,1.69,2.04,0,3.9,680,630
2.3,0,18,2.03,2.63,0,3.5,510,510
3,0,17,2.73,3.09,0,4,670,610
2.3,0,13,2.24,2.64,0,4,680,620
3,0,17,3.55,3.55,0,4,710,670
3.7,0,18,3.63,3.63,0,3.28,700,770
2.7,0,18,2.61,2.38,0,3.92,470,510
2.7,0,17,3,2.4,1,3.48,590,640
3,0,17,3.03,3.03,0,3.75,620,710
3.7,1,15,4,3.64,0,4,600,640
2.7,1,13,3.03,3.15,0,4,360,660
3.7,1,17,3.68,3.68,0,3.75,610,590
3,0,16,3.06,3.06,0,3.63,640,750
3.7,0,17,3.79,3.79,0,4,600,590
3.7,0,16,3.69,3.74,0,3.91,790,790
3.7,0,15,3.08,3.08,0,3.71,610,730
2.7,0,14,3.25,3.37,0,3.91,570,570
1,0,19,2.35,2.35,0,3.53,550,640
2.7,0,17,3.31,3.31,0,3.75,670,630
3.7,1,15,3.31,3.31,0,3.68,610,620
2.3,1,14,3.08,3.08,0,3.9,590,570
2.3,1,15,3.11,3.31,0,3.67,490,530
1.7,0,14,2.32,1.79,1,3.85,550,630
1,0,16,1.95,1.79,1,3.67,410,650
3,0,15,3.21,3.46,0,3.53,580,560
2.3,0,14,2.24,1.96,0,3.73,600,560
2.7,0,16,3.36,3.29,0,3.6,490,490
3.7,0,15,3.49,3.67,0,4,590,530
1.7,1,19,1.84,3.17,0,3.44,580,620
3,0,15,3.08,3.57,0,4,590,570
2.7,1,14,2.52,2.85,0,3.38,610,570
0,1,12,1.88,1.88,1,3.77,570,570
3.7,1,16,4,3.92,0,4,630,680
2.7,0,15,2.76,3.03,0,3.94,570,560
2,0,14,1.27,2.01,1,4,400,550
1.7,0,15,2.92,2.93,0,3.29,530,610
1,0,17,2.81,2.59,0,3.47,670,590
3.7,0,17,3.15,3.53,0,3.95,610,690
3.7,0,17,3.64,3.19,0,3.8,620,600
2.3,0,15,3.38,2.35,0,3.63,650,620
1.7,0,14,2.19,2.6,0,3.84,560,510
3.7,0,17,3.61,3.26,0,4,790,720
0,0,12,1.44,1.44,1,3.63,650,630
3,0,17,3.45,2.89,0,3.89,630,680
2.7,0,19,2.87,3.14,0,3.58,570,620
2.7,0,18,3.54,2.79,0,3.95,560,630
4,0,14,4,3.9,0,4,610,670
3.7,0,15,2.49,2.72,0,3.61,660,680
3,0,15,3.36,3.36,0,3.87,550,590
2.7,0,15,2.58,2.73,0,3.61,470,530
3,1,17,3.58,3.58,0,4,640,600
3.7,0,15,2.96,3.34,0,3.72,630,600
3,1,18,2.56,3.45,0,3.91,600,600
3,1,17,3.69,3.15,0,3.67,400,430
3.7,0,15,2.96,3.16,0,3.83,550,720
2.3,1,14,2.96,3.2,0,4,530,560
2,0,22,2.7,2.71,0,3.29,520,460
0,0,8,0.81,0.81,0,3.56,630,590
3.7,0,16,3.92,3.83,0,4,620,600
2.7,0,16,2.56,2.88,0,4,510,570
3.7,1,16,3.42,3.34,1,4,370,580
3.7,0,16,3.07,3.22,0,3.48,530,640
2.7,0,16,2.42,3.22,0,3.66,520,590
3,1,14,2.35,2.87,0,3.75,440,530
2.7,0,16,3.24,3.24,0,4,590,750
2.7,0,19,2.4,2.83,0,3.91,520,640
2.7,0,14,2.41,2.29,1,3.56,580,570
3.7,0,20,2.85,3.56,0,3.88,570,680
3.7,0,19,3.61,3.67,0,3.92,700,720
1.7,0,18,2.4,2.78,0,3.8,600,600
2.7,0,18,2.8,3.09,0,3.25,570,560
2,0,16,2.12,2.28,0,3.95,570,610
4,1,16,4,4,0,3.89,550,650
3,0,15,3.26,3.78,0,4,440,560
3.7,1,16,4,3.92,0,4,760,710
3,1,15,3.38,3.65,0,3.88,460,530
3.7,0,16,3.15,3.67,1,4,510,550
2.7,0,16,2.75,2.51,1,3.38,520,590
2.3,1,18,3.06,3.29,0,3.55,480,590
3,0,17,3.15,2.97,0,2.49,580,660
2.7,0,14,2.54,2.96,0,3.36,450,520
1.7,0,14,2.03,2.9,0,3.75,520,640
3.7,0,17,3.51,3.49,0,3.88,510,600
3.7,0,16,3.24,2.79,0,3.81,610,600
2.7,0,14,1.67,2.64,1,3.74,550,520
2.3,1,15,3.02,3.12,0,3.81,690,680
2,0,12,2.29,2.56,0,4,440,510
2.7,0,16,3.09,3.09,1,4,650,650
2.3,0,17,3.41,2.97,0,3.63,580,550
3,0,15,3.09,3.44,0,3.32,490,570
3,1,15,2.98,2.98,0,3.94,570,700
2.7,0,15,3.04,2.85,0,3.72,640,630
4,0,14,3.87,3.87,0,4,720,730
3,0,17,3.4,3.46,0,3.79,600,680
3.7,0,14,3.49,3.59,0,4,640,630
3,1,17,3.33,3.33,0,4,480,530
2.7,0,13,2.63,2.45,0,3.19,590,680
3,1,15,2.94,3.08,0,3.52,550,500
2.3,0,17,2.6,1.91,0,3.94,470,480
3,0,18,3.36,3.17,1,3.91,560,770
1.7,0,10,1.9,2.57,0,3.56,570,670
4,1,21,3.83,3.91,0,4,550,560
2,0,16,2.62,3.09,0,3.9,520,560
3.7,0,17,3.28,3.21,0,3.39,590,570
3.7,1,17,3.39,3.18,0,3.75,510,620
3,0,19,3.37,3.12,0,3.06,660,660
3,0,20,3.51,3.51,1,3.91,650,590
3.7,0,19,3.46,3.75,0,4,680,700
2.7,0,15,2.97,2.73,0,3.79,560,600
3.7,1,16,3.51,3.51,0,4,660,660
3,0,15,3.06,3.05,1,3.56,630,600
3,0,16,3.72,3.5,0,3.82,710,750
2.7,0,15,3,3.02,0,3.5,400,610
3.7,0,17,3.65,3.75,1,3.79,630,690
2.3,0,15,2.78,2.89,0,3.71,520,530
2.3,0,14,2.95,3.1,0,4,660,740
0,0,9,1.37,2.54,0,3.41,550,500
2.7,0,15,3.45,3.45,0,4,660,660
2.7,0,13,1.69,1.69,1,3.5,610,660
2.7,0,15,3.2,3.44,0,3.8,550,510
0,0,0,0,2.47,1,3.84,610,590
2.7,1,15,2.79,3.28,0,4,490,500
3,1,17,3.12,3.12,0,3.86,620,590
2,0,22,2.82,2.8,0,2.48,510,550
1.7,0,14,2.96,3.5,0,3.66,650,610
3,0,17,3.17,2.78,0,3.38,490,560
3,0,15,3.07,3.4,0,3.63,580,690
2,0,15,2.31,2.31,0,3.42,730,680
4,0,14,3.9,3.9,0,4,630,650
3.7,1,15,3.56,3.68,0,4,600,510
2.7,0,17,2.61,2.67,1,3.19,510,630
3.7,1,17,3.87,3.67,0,3.55,660,570
3.7,1,22,3.53,3.56,0,3.81,570,610
2.3,0,13,2.07,2.63,0,3.73,640,700
0,0,11,1.01,1.89,0,3.56,420,570
3,0,22,3.52,3.66,0,3.61,660,630
2.3,0,12,2.54,2.24,0,3.83,520,490
3.7,0,17,3.54,3.49,1,3.43,510,590
2.3,0,12,2.83,2.24,0,3.39,560,550
2.3,0,12,1.89,2.29,0,3.09,640,570
2.3,0,15,2.57,3.01,0,3.76,480,480
2.7,1,15,2.89,3.25,0,4,610,540
3,1,16,3.13,3.25,0,3.44,500,520
2.7,0,15,3.02,2.81,0,3.47,730,610
3,0,18,3.04,3.2,0,3.82,540,600
3.7,0,14,3.8,3.81,0,4,480,580
4,0,21,3.7,3.77,0,3.91,620,680
2.3,1,14,2,2.41,0,3.95,410,410
2.7,0,17,2.51,2.47,0,3.6,620,720
1.7,0,17,1.96,1.96,1,3.47,570,610
3,0,18,2.96,3.17,0,3.54,660,680
2.7,0,12,2.85,2.48,0,3.07,550,580
2,1,16,2.86,2.91,0,3.43,560,600
2,0,21,2.67,2.53,1,2.79,600,580
3,0,15,3.21,2.73,0,3.69,490,550
3.7,1,15,3.62,3.59,0,3.82,730,640
2.3,0,11,1.55,1.96,0,3.65,480,590
3,0,20,3.22,3.1,0,4,660,690
3.7,0,17,4,4,0,4,660,670
1,1,15,2.07,2.59,0,3.73,650,530
1.7,0,13,2.23,2.33,0,3.79,500,570
2.7,1,12,2.63,2.48,0,4,390,470
3,0,17,3.87,3.29,0,4,650,590
3,1,15,3.47,3.34,0,3.88,660,620
2,0,15,3.11,3.31,0,3.5,520,610
2,0,16,2.56,2.83,0,4,580,640
3.7,1,15,3.16,3.15,0,3.91,510,590
2.7,0,16,2.67,3.14,0,3.97,450,570
3.7,0,15,3.84,3.69,0,3.83,770,720
1,0,9,1.18,1.9,1,3.76,620,620
2.7,0,18,2.9,2.66,0,3.56,560,600
2.3,0,14,2.53,2.53,0,3.59,680,650
3.7,0,17,3.85,3.78,0,4,700,680
3.7,0,14,3.89,3.91,0,4,450,630
3.7,0,17,3.58,3.58,0,4,590,610
2.7,1,16,3.01,3.1,0,3.67,550,540
2,1,14,2.35,3.13,0,3.9,520,570
3,0,18,3.37,3.47,1,3.8,580,560
3,0,15,3.1,3.21,0,3.64,500,580
2,0,15,2.54,2.49,0,3.53,440,530
3,0,17,3.12,3.26,0,4,560,510
3.7,0,26,2.97,3.1,0,3.56,460,550
2.7,0,14,2.61,2.76,0,3.42,510,550
3.7,0,16,3.63,3.61,0,4,700,650
2.3,0,14,1.59,2.47,0,4,580,610
4,0,17,3.94,3.95,0,4,620,650
2.7,0,14,2.56,2.8,0,3.1,600,580
3.7,0,11,2.4,2.86,0,3.62,590,550
2.3,0,9,1.02,2.32,1,3.63,730,700
2,1,12,1.66,2.41,0,3.61,460,460
3.7,0,12,3.14,3.09,1,3.81,660,640
2.3,0,14,2.04,2.35,0,3.59,630,580
3.7,1,15,3.48,3.16,0,3.55,610,570
2,1,10,1.3,2.01,1,3.76,410,510
3.7,0,16,3.68,3.68,1,3.78,470,590
4,1,15,4,3.86,0,3.84,640,760
3.7,1,15,3.55,3.5,0,4,550,590
2.3,0,16,2.14,3.06,0,3.44,470,550
0,0,13,1.84,1.84,1,3.17,560,660
2.3,0,12,1.78,3.21,0,3.55,580,690
3,0,15,3.24,3.43,0,4,630,730
2,0,12,2.33,2.9,0,3.56,570,610
1.7,0,15,1.52,2.22,0,3.63,560,540
2.3,0,17,3.14,3.57,0,3.93,490,520
3,0,16,3.38,3.38,0,3.79,580,610
3,0,16,3.53,3.53,0,3.7,720,800
2.7,1,14,2.81,2.81,1,3.68,610,680
3,0,17,2.97,3.43,1,3.86,580,520
4,0,15,3.74,3.74,0,4,660,720
3.7,0,17,3.39,3.43,0,3.94,580,680
2,1,12,1.89,2.91,0,3.19,550,460
3,1,15,3.46,3.44,0,3.44,510,670
3.7,0,15,3.11,3.3,0,3.63,690,730
2.7,0,17,3.26,3.35,0,3.94,570,580
3.7,0,18,3.46,3.49,0,3.78,730,630
1.7,0,5,0.5,0.94,0,3.1,610,700
2.3,1,14,2.8,2.73,0,3.29,450,450
2,0,19,3.23,3.23,0,4,510,570
2.7,1,17,1.82,2.43,0,3.58,570,590
3.7,0,16,3.03,3.37,0,3.47,700,680
1.7,0,14,2.62,2.23,0,4,550,580
1.7,0,14,2.62,2.62,0,3.56,630,590
3,0,14,3.45,3.63,1,4,690,650
3.7,0,16,3.23,3.48,0,4,610,630
2.7,1,17,2.62,2.28,0,3.72,590,640
2.7,1,18,3.42,2.86,0,4,570,590
2,0,11,2.28,2.48,0,3.5,590,570
2.7,0,16,2.5,2.31,0,2.91,600,680
3.7,0,15,3.48,3.48,0,4,550,570
3.7,0,17,3.85,3.85,0,3.94,500,510
3,0,17,2.81,3.2,0,3.91,510,670
2.7,0,15,3.3,3.1,0,3.44,680,520
2.3,0,10,2.02,1.98,0,3.58,550,550
2.7,0,18,2.82,2.68,0,3.44,560,550
2.3,0,11,2.13,2.49,0,3.78,590,640
2,0,17,2.38,2.57,0,3.25,770,640
2.7,1,10,2.58,2.59,0,3.54,380,410
3,1,15,2.46,2.86,0,3.51,610,610
3.7,1,18,3.51,3.55,0,4,580,580
2.3,0,11,2.67,2.57,0,3.46,480,560
2.7,0,17,2.94,3.05,0,3.78,480,550
3.7,1,7,3.41,3.09,0,3.71,480,470
3.7,0,17,3.37,3.73,0,4,500,600
2.3,0,20,2.22,2.71,0,3.77,550,650
3.7,1,18,3.85,3.67,0,4,640,680
2,0,15,2.67,2.32,0,3.17,470,550
0,0,17,2.43,2.43,0,3.84,590,560
3,1,18,3.65,3.65,0,4,710,640
3.7,0,18,3.7,3.81,0,4,590,560
2.3,0,16,1.89,2.24,1,3.39,560,670
1,0,11,0.57,1.14,1,3.43,540,690
3.7,1,11,3.03,3.25,0,3.53,670,720
2.7,1,18,3.44,3.44,0,3.97,490,640
2,0,12,2.41,2.51,0,3.13,430,550
3,1,17,2.87,3.37,0,3.5,540,460
3.7,1,14,3.89,3.9,1,4,820,660
4,0,15,4,3.96,0,3.87,600,650
2.7,0,17,2.31,2.31,0,4,590,610
2.7,0,15,2.98,3.15,0,3.64,510,610
2.7,1,20,2.51,2.91,0,4,440,510
2.7,0,17,2.5,3.44,0,3.37,500,510
3,0,19,3.22,3.27,0,3.73,600,530
2.3,0,17,2.65,2.6,0,3.37,540,500
1,0,18,2.12,2.33,0,3.38,460,580
3.7,0,15,3.67,3.67,0,3.76,720,660
3.7,0,19,4,3.34,0,3.69,660,660
2.7,0,13,3.35,3.54,0,3.53,420,510
2,1,14,1.95,2.34,0,3.69,630,530
2.7,0,17,2.68,3,0,3.29,610,620
3,0,15,3.62,3.57,0,3.71,590,640
3.7,1,21,3.81,4,0,3.89,570,630
2.3,1,15,1.87,2.45,0,3.53,480,530
3,0,15,2.71,2.22,0,3.61,470,570
2.7,0,14,2.89,2.96,0,4,610,610
3.7,1,16,3.1,3.41,0,3.97,440,570
3.7,0,16,3.36,3.24,0,3.96,640,640
3.7,0,17,3.29,3.67,0,4,630,740
4,1,20,4,4,0,4,680,710
3.7,1,20,3.61,3.61,1,3.48,550,680
2.3,0,14,2.34,3.02,0,4,490,520
2.3,0,12,2.55,2.66,0,3.83,750,610
1,0,20,2.11,2.39,0,3.41,580,680
0,0,6,2.2,2.28,0,3.28,560,490
3,0,17,3.4,3.53,0,4,560,520
3.7,0,18,3.31,3.46,0,3.82,720,700
3.7,1,19,3.74,3.76,0,4,580,550
2.7,0,19,3.32,3.62,0,4,680,630
3,0,15,3.06,3.51,0,3.95,510,480
3.7,1,18,3.68,3.68,0,4,640,600
3.7,1,14,3.68,3.31,0,3.25,540,480
2.3,0,17,2.95,2.95,0,3.53,600,710
4,0,18,3.88,3.83,0,3.65,510,580
3.7,0,15,3.53,3.42,0,3.43,480,450
2.7,0,15,2.57,2.56,0,3.85,610,640
0,0,12,1.5,1.5,1,3.17,530,630
2.7,0,19,3.41,3.13,0,3.94,520,560
3.7,0,20,3.35,3.7,0,3.86,550,720
3,1,18,3.5,3.72,0,4,690,620
2.7,0,16,2.75,2.68,1,3.52,600,650
3.7,0,16,3.49,3.22,0,3.05,500,620
3,0,20,3.56,3.69,1,4,570,610
3.7,1,15,3.82,3.82,0,4,710,700
2.3,0,15,3.62,3.22,0,4,430,570
2.3,1,16,3.02,3.07,1,3.5,590,680
3,0,12,2.12,2.6,0,3.7,530,600
2.3,0,13,2.06,2.63,0,3.46,590,620
3,0,17,3.35,3.35,0,3.8,480,450
3.7,0,15,3.78,4,1,3.91,540,550
3.7,0,20,3.36,3.32,0,3.71,610,590
2.3,1,17,3.32,2.96,0,3.66,620,620
3.7,0,17,3.68,3.96,0,3.78,730,680
2.7,1,21,2.48,2.93,0,3.61,550,600
3.7,0,14,3.47,3.58,0,4,660,620
2,0,15,2.33,2.41,0,3.73,630,580
3.7,0,23,3.68,3.67,1,3.74,560,670
3.7,1,16,3.22,3.18,0,3.66,590,680
3,0,14,2.98,3.15,0,3.95,470,630
2.3,0,15,3.24,3.24,0,3.55,660,680
3.7,0,18,3.86,3.84,0,3.93,640,700
3,0,14,1.95,2.3,0,3.69,560,580
3,0,12,2.36,2.59,0,3.63,510,540
2.7,1,15,1.77,2.75,0,3.56,530,560
2,0,17,3.21,2.91,0,3.62,600,670
3,1,18,3,3.02,0,4,620,550
2.3,1,17,2.38,2.38,0,3.48,750,630
2.3,0,19,3.11,2.84,0,3.49,590,620
2.3,0,22,2.81,2.81,0,3.47,570,620
3,0,18,2.93,2.94,1,3.29,450,590
3.7,1,17,3.21,3.33,0,3.8,590,650
2.7,0,17,2.82,3.11,0,4,500,510
3,0,20,3.94,3.48,0,4,670,620
2.3,0,18,3.37,3.41,0,4,610,590
3,0,17,4,3.61,0,3.8,530,620
3.7,1,15,3.64,3.63,0,3.9,630,610
2.7,0,18,2.59,3.15,0,3.83,560,550
3,0,17,3.24,3.57,0,4,500,580
2.7,0,14,3.16,3.02,1,4,550,570
2.3,0,16,2.69,3.07,0,3.73,410,490
3.7,1,23,3.58,3.68,0,4,580,650
3,0,17,3.17,2.91,0,3.73,680,610
2.7,1,15,2.42,2.71,0,3.85,520,500
2,0,13,1.91,2.34,0,3.94,720,660
4,0,16,3.7,3.8,0,3.95,600,560
1,0,14,2.36,2.31,0,3.75,620,620
1.7,0,20,2.28,2.37,0,3.46,500,500
3,0,18,3.48,3.37,0,3.86,500,540
3,1,22,3.23,3.35,0,3.72,590,750
3.7,0,20,3.68,3.22,0,4,450,540
2.7,1,14,2.67,2.91,0,3.44,680,530
2.7,0,15,2.82,3.16,0,3.79,400,450
0,0,10,2.12,3,0,3.76,490,520
1.7,0,12,1.99,2.24,1,4,360,490
2,0,12,1.48,1.93,1,3.25,650,670
2.7,0,15,3.14,3.41,0,3.92,560,610
2,0,15,1.99,2.24,0,3.23,550,630
3.7,0,16,3.34,3.05,0,3.6,530,540
2.7,0,17,2.98,3.23,0,4,560,520
3.7,1,14,3.61,3.76,0,4,790,720
1,1,13,1.75,2.57,0,4,540,550
3,0,16,3.46,3.61,0,4,580,500
1.7,0,11,1.55,2.42,1,3.44,500,520
3,0,18,2.81,2.8,0,3.72,680,660
3,1,17,3.1,3.13,0,3.75,730,530
2.7,0,17,2.82,3.08,0,3.7,570,550
2.7,0,20,1.96,2.39,0,3.9,520,510
2,0,17,2.69,2.81,0,3.79,520,580
1.7,0,15,2.43,2.49,0,3.86,580,540
1,0,12,1.63,1.63,1,4,600,680
2.7,1,17,2.55,2.66,0,4,480,620
3.7,0,19,2.91,3.24,0,4,560,470
3.7,0,17,3.96,4,0,3.97,590,620
1.7,1,17,1.82,1.82,1,3.73,560,610
2.3,0,15,2.44,2.28,0,3.78,610,630
3.7,0,18,3.89,3.62,0,3.61,610,680
3,0,14,3.13,2.83,0,3.59,510,600
2.7,0,16,2.71,3.29,0,3.84,680,660
3.7,0,18,3.76,3.68,0,3.72,430,550
3.7,0,17,3.68,4,0,3.92,640,730
0,0,7,1.8,2.84,1,3.37,430,490
2.7,0,13,2.77,2.71,0,3.89,610,680
3.7,0,14,3.16,3.75,0,3.77,700,620
3,0,16,2.53,2.34,0,3.94,590,610
3,0,16,3.47,3.25,0,3.89,600,640
2.7,0,15,2.85,2.7,1,4,700,710
2.7,0,18,3.13,3.1,0,3.86,520,560
2.7,0,13,2.92,2.85,0,3.81,610,630
3.7,0,20,3.8,3.3,0,3.5,610,610
3.7,0,16,3.81,3.9,0,4,520,760
2.7,0,17,3.82,3.51,0,3.97,640,640
2,1,16,2.41,2.41,0,3.47,640,730
2,1,15,2.45,2.35,0,3.35,530,490
3,0,14,3.54,3.37,0,3.69,730,640
3,0,17,2.71,2.89,0,3.82,500,530
3.7,0,17,3.55,3.37,0,3.5,660,710
3,0,15,3.19,3.17,0,3.72,550,570
3.7,1,17,3.31,3.42,0,4,660,700
1,0,14,1.42,2.37,0,3.75,430,420
2.7,1,15,3.22,3.06,1,3.64,550,600
2.3,0,17,2.53,2.53,0,3.74,660,710
3.7,1,8,2.13,2.51,0,3.79,610,600
2.7,0,15,2.49,3.02,0,4,570,590
2.3,0,16,2.35,2.02,0,2.96,550,560
3.7,0,21,3.55,3.59,1,3.95,640,680
3.7,0,17,4,3.71,0,3.92,650,730
3.7,0,16,3.56,2.74,0,3.63,650,680
0,0,6,1.04,2.73,0,3.16,750,730
3.7,1,17,3.43,3.43,0,3.72,650,660
2,1,16,2.33,2.7,0,3.39,620,540
0,0,11,1.76,2.22,0,4,570,680
4,0,16,3.86,3.91,0,4,730,720
2.7,0,19,2.59,2.8,0,4,600,620
3.7,1,17,3.21,3.08,0,4,440,550
3.7,1,17,3.17,3.39,0,3.52,470,510
2.3,1,14,2.01,2.39,1,2.93,500,450
4,0,16,3.39,3.3,0,3.88,550,700
2,1,14,2.49,3.05,1,3.56,540,430
2.7,1,17,3.56,3.24,0,3.64,600,540
4,0,24,4,3.91,0,3.86,600,520
2.7,0,13,2.32,2.6,0,3.42,570,500
2.7,0,16,2.49,2.37,0,3.15,480,670
3.7,0,15,3.76,3.67,0,3.58,610,640
1.7,1,12,1.9,2.3,0,3.68,320,540
3,0,14,2.24,3.39,0,3.37,420,470
2.3,0,15,2.5,2.32,0,3.98,530,700
3,0,15,2.73,2.92,0,3.53,610,610
3.7,0,15,3.76,3.76,1,4,610,630
3,1,14,3.68,3.68,1,3.91,460,600
3.7,0,14,3.76,2.99,0,3.42,710,680
2,0,16,1.81,2.75,1,3.87,730,620
0,1,11,0.56,0.56,1,4,550,540
2.3,0,15,2.31,2.51,0,3.38,610,580
2.3,0,18,2.9,3.11,0,3.16,640,630
3,0,17,2.96,3.45,0,3.82,590,530
1,0,12,1.49,1.49,1,3.38,480,590
3,1,12,3.17,3.37,0,3.52,450,440
3.7,1,18,3.78,3.64,1,3.69,500,610
2.7,1,15,2.02,2.34,1,3.78,420,400
3,1,19,3.06,3.06,0,3.61,400,450
3.7,0,15,3.18,3.64,0,3.88,630,630
1,0,14,2.28,2.64,0,3.18,560,570
2.3,1,15,2.54,2.54,0,3.86,540,610
2.3,0,16,2.4,2.81,1,3.61,610,650
3.7,0,14,3.11,3.1,0,3.44,480,540
3.7,1,15,3.1,3.09,0,3.39,540,630
3.7,0,18,3.69,3.13,0,3.96,610,610
4,0,15,4,4,0,3.85,610,580
3,0,18,3.38,3.32,0,3,540,630
3.7,0,13,2.6,3.72,0,4,680,560
2.3,0,15,2.87,2.8,0,3.97,530,430
2.7,0,18,2.51,2.98,0,3.68,520,540
2,0,12,2.54,2.6,0,3.36,680,630
2,0,20,2.47,2.47,0,3.78,600,610
2,0,17,2.77,2.77,0,4,610,700
4,0,22,4,4,1,4,710,760
2,1,12,1.86,2.58,0,3.66,700,690
0,1,8,0.94,2.11,0,3.64,560,580
2,0,14,1.92,1.84,1,3.34,470,590
3.7,0,15,3.63,3.85,0,3.68,680,660
2.3,0,14,3.43,3.43,0,4,620,700
1,0,17,1.33,1.33,1,2.96,490,520
3,0,14,2.78,3.04,0,3.81,610,660
3,0,18,3.42,3.42,0,3.94,610,640
2.7,0,13,3.53,3.56,0,3.85,770,660
3,0,13,3.15,3.11,0,3.13,640,660
3,0,18,3.19,3.41,0,4,580,710
3.7,0,15,3.23,3.42,0,4,500,550
1.7,0,22,1.8,1.8,1,3.53,590,610
2.3,0,13,2.56,2.56,1,3.54,690,560
3.7,1,19,3.6,3.24,0,3.79,600,650
2,0,12,2.5,3.21,0,3.17,570,620
3.7,0,16,3.78,3.83,0,4,530,540
2.7,0,17,2.82,3.16,1,3.81,520,590
3.7,0,15,3.52,3.2,0,3.84,590,640
1,0,14,2.02,1.8,0,3.94,590,670
4,1,20,3.18,3.44,0,2.94,480,580
4,1,18,3.91,3.82,0,3.47,560,660
3,0,17,3.64,3.84,0,4,600,610
3.7,0,17,3.66,3.7,0,3.68,580,700
3,1,19,3.24,3.34,0,3.97,530,600
2.7,1,23,3.47,3.47,0,3.62,640,640
2,1,14,1.91,2.35,0,4,580,640
3,1,16,3.44,3.2,0,3.66,530,630
2.3,0,15,2.04,1.92,1,3.56,520,520
3,0,18,3.55,4,1,4,680,660
3,0,12,3.55,3.11,1,3.36,690,560
3.7,0,15,3.23,3.26,0,3.67,610,570
0,0,14,1.58,2.63,1,2.6,460,520
1.7,1,11,2.32,2.42,0,3.16,500,330
2.7,0,14,1.87,2.23,0,3.66,270,460
3,1,15,3.71,2.83,1,4,630,550
3.7,1,18,2.89,3.4,0,3.46,590,580
2.7,0,16,2.99,3.05,0,3.97,450,530
3.7,1,16,2.99,3.21,0,3.91,580,610
3,1,16,3.62,3.47,0,3.59,590,630
3,0,19,3.11,3.11,0,3.64,690,690
2,0,16,2.83,3.12,0,3.72,670,590
2.3,0,15,2.83,2.98,0,3.1,530,550
3,1,15,3,3.28,1,3.18,620,570
2,0,17,2.62,2.62,0,3.56,570,660
2,0,14,2.36,2.69,0,3.52,390,470
3.7,0,16,3.14,3.33,0,4,610,680
0,0,15,1.34,1.48,1,3.11,560,540
3.7,0,14,2.86,2.78,0,3.48,580,700
3.7,0,17,3.56,3.56,0,3.97,670,630
3.7,0,17,3.42,3.85,0,3.3,560,660
2.3,0,15,2.49,2.81,0,4,540,540
3.7,0,21,3.4,2.63,0,4,610,570
2.3,0,14,3.02,2.75,0,3.37,530,510
3,0,17,3.4,4,0,3.75,590,650
3.7,1,20,3.33,3.49,0,3.67,620,510
2.3,1,15,2.84,2.92,0,3.69,450,540
2,1,11,2.06,2.83,0,3.74,440,410
2,0,14,2.15,2.79,0,3.58,550,570
2.7,1,23,3.07,3.06,0,3.48,420,470
3.7,1,16,3.44,3.74,0,3.65,570,590
3.7,0,18,4,3.69,0,3.77,650,680
4,0,13,3.77,3.73,0,3.97,560,530
3.7,1,15,3.84,3.57,0,3.62,660,570
2.7,0,20,3.23,3.47,0,3.31,650,690
2,0,6,2.52,2.21,0,2.93,520,590
3.7,1,20,3.77,3.77,0,4,570,630
2.3,1,14,2.42,2.46,0,4,430,350
1.7,0,17,2.57,2.89,0,3.65,550,630
1.7,0,16,1.82,2.65,0,4,440,420
3,0,19,2.84,2.85,0,3.61,450,570
2.7,0,17,2.98,2.97,0,3.18,450,410
0,0,3,0.42,1.9,1,3.74,580,650
3,0,17,3.12,3.12,1,3.96,620,570
3,0,15,3.34,3.67,0,4,530,700
2.3,1,14,3.2,3.2,0,4,770,630
3.7,0,20,3.44,4,0,3.84,370,500
1.7,0,17,2.47,2.74,0,3.5,430,410
3,1,22,3.46,3.46,0,3.32,630,720
3.7,1,19,3.76,3.75,0,4,630,560
2,0,13,1.93,1.93,1,3.03,510,460
3.7,0,16,3.53,3.64,0,3.55,560,710
3.7,1,17,2.96,3.29,0,3.45,570,580
2.7,0,17,3.31,3.07,0,3.53,630,630
2,1,20,2.78,3.26,0,3.7,570,610
3.7,0,17,3.21,3.04,0,4,520,510
3,1,20,3,3.34,0,3.88,570,550
2,0,17,2.45,2.45,0,3.84,590,650
3,0,14,3.33,2.55,0,3.81,540,540
3.7,0,23,2.88,2.96,0,3.09,580,680
2.7,1,17,3.31,3.31,0,4,590,620
3.7,1,15,3.22,2.88,0,3.36,610,610
3.7,1,14,3.89,3.89,0,3.99,590,460
2.7,1,18,3.49,3.49,0,3.87,680,590
2.7,0,12,3.18,3.2,0,3.38,650,720
2.3,0,15,2.23,2.66,0,3.79,500,500
3,0,16,3.32,3.31,0,4,430,450
2.7,0,23,2.95,3.12,0,3.8,540,520
3.7,0,14,3.32,3.08,0,3.66,610,640
3.7,0,16,3.81,3.87,0,4,490,570
4,0,16,3.94,3.96,0,4,680,670
2,0,14,2.36,2.48,0,3.3,430,510
2.7,1,19,3.48,3.3,1,3.73,520,580
3,0,15,2.54,2.7,0,2.44,360,370
3.7,0,20,3.56,3.55,1,4,570,530
3,0,19,3.5,3.41,0,3.86,600,630
2.7,0,16,2.92,3.29,0,3.9,490,590
2,0,15,2.16,2.11,0,3.59,490,560
0,0,9,0.8,1.98,1,3.1,540,490
2.3,0,14,2.9,3.15,0,4,560,570
2.7,0,14,3.35,3.17,1,4,620,690
3.7,0,17,3.55,3.62,0,4,750,720
3,1,16,3.69,3.43,0,4,640,650
3.7,0,18,3.37,3.52,0,3,390,640
2,1,16,1.99,1.76,1,3,500,620
3,0,14,2.61,2.89,0,3.71,630,670
2.7,0,17,2.45,2.57,1,3.73,420,510
3,0,10,2.26,2.64,0,3.55,620,740
3.7,0,15,3.44,3.43,0,3.89,490,510
3.7,1,22,3.74,3.74,0,3.87,500,530
3,0,13,3.15,2.86,0,3.56,390,500
3,0,16,3.36,3.46,0,3.61,590,750
3.7,0,18,3.51,3.56,0,4,510,500
3.7,0,17,3.73,3.44,0,4,600,690
3,1,18,3.52,3.19,0,3.97,640,580
3,0,15,2.58,2.01,0,3.6,490,530
3.7,0,18,3.69,3.79,0,3,560,620
3,0,18,2.3,2.71,0,3.48,640,660
2,1,22,2.95,3.28,0,3.71,510,610
3.7,1,15,3.58,3.76,1,4,460,500
3,0,14,2.92,2.98,0,3.93,430,420
3,0,17,3.21,2.91,0,3.53,420,420
2.7,1,17,2.72,2.72,0,3.71,700,580
2,1,17,2.5,2.69,0,3.82,480,580
1.7,1,16,2.08,2.5,0,3.64,520,570
2,0,15,3.46,2.81,0,3.09,660,660
2,0,5,2,1.99,0,3.29,480,530
2.3,0,14,2.92,3.38,0,3.78,570,640
3,0,14,3.36,3.33,0,3.81,610,590
2.7,0,15,2.74,2.78,0,3.84,600,630
3.7,1,16,3.75,4,0,3.75,570,580
2.7,0,12,1.76,2.24,0,3.62,510,510
2,0,19,3,3,0,3.79,450,510
3.7,1,14,3.32,2.99,0,3.68,630,520
3.7,0,18,3.61,3.28,0,3.74,780,630
3.7,1,20,3.46,3.62,0,3.73,550,590
3,0,13,2.52,3.33,0,4,460,540
2.7,1,11,1.42,1.8,1,3.9,480,570
3.7,0,19,3.66,3.66,0,4,670,590
3.7,1,19,3.54,3.05,0,3.6,490,550
2.7,0,16,2.92,2.92,0,3.74,680,640
2.7,0,16,3.2,3.41,0,3.57,600,650
2.7,1,18,2.94,2.91,0,3.61,550,560
1,0,16,2.46,2.64,0,3.73,530,580
1,0,7,1,1.91,1,3,500,470
3,0,17,2.89,3.11,0,3.56,670,600
2.7,1,18,3.05,2.87,0,4,550,640
1,1,17,2.23,2.23,0,4,490,530
2.7,0,20,2.76,2.62,1,3.87,460,480
2.7,0,18,1.8,2.76,0,3.74,560,570
2.3,0,15,3.09,3.39,0,4,660,710
2.7,1,17,2.46,3.06,0,3.82,650,590
3.7,1,17,3.6,3.57,0,4,550,630
3.7,0,18,3.7,3.54,1,3.52,560,670
4,1,18,3.95,3.81,0,3.64,440,580
2.7,0,16,3.67,3.67,0,4,660,660
4,0,15,3.94,3.95,0,4,680,760
3.7,0,19,3.71,3.84,0,3.83,680,740
2.3,0,12,2.27,2.55,0,3.88,650,620
3.7,0,18,3.3,3.41,1,4,600,600
3,0,15,3.67,3.51,0,4,510,490
3,1,16,2.08,2.56,0,3.71,610,570
2.7,0,15,2.57,2.57,0,4,690,610
1,0,18,2.09,2.65,0,3.31,520,590
2,0,21,2.94,2.62,1,3.89,550,500
2.3,0,17,2.87,3.22,0,3.92,670,710
4,0,16,3.96,3.96,1,4,700,660
2.7,0,15,2.82,3.04,0,3.94,570,500
2.3,1,19,2.53,2.67,0,4,450,440
2.7,1,14,2.74,3.09,0,3.67,530,540
3.7,0,17,3.25,2.84,1,3.08,600,650
4,1,15,3.64,4,0,3.94,620,680
3.7,0,16,3.59,3.76,0,4,700,760
2,0,11,1.5,2.12,0,2.93,500,470
4,1,17,3.94,3.81,0,3.77,470,630
2.7,1,17,3.29,3.2,1,3.48,600,490
2.3,1,18,2.9,3.35,0,3.7,550,530
3.7,0,15,4,3.79,0,3.96,490,620
2.7,0,16,3.61,3.61,0,3.9,590,580
0,0,3,0.34,1.18,1,4,580,520
1,0,14,1.85,2.27,0,3.94,630,590
0,1,5,0,0,1,3.99,410,620
2.7,0,16,2.37,3,0,3.5,660,650
1.7,0,17,2.07,2.07,0,3.85,530,560
3.7,1,18,3.78,3.69,0,4,550,650
3,0,18,2.82,2.82,0,3.42,630,680
3.7,1,15,3.67,3.57,1,4,600,670
2.7,1,15,2.82,2.73,0,3.5,580,560
3.7,1,17,3.78,3.78,0,3.66,670,750
3,0,14,2.8,2.95,0,3.77,620,690
2.7,0,18,2.77,3.06,0,4,470,660
2.3,0,16,2.4,3.26,0,3.69,620,520
3.7,0,15,3.76,3.69,0,3.93,700,700
2.7,0,18,3.13,3.19,0,3.62,540,540
2.7,0,16,2.93,2.93,0,3.71,600,660
3,0,15,2.72,2.72,0,3.63,420,560
3.7,0,15,2.48,2.92,0,3.75,500,520
3,0,14,1.74,2.74,0,4,660,680
2.3,0,17,2.62,3.02,0,3.85,520,570
3,0,16,2.66,2.71,0,3.8,590,690
2.7,1,15,2.63,3.16,0,3.96,510,580
2,0,19,1.76,2.17,0,3.67,690,620
3.7,1,16,3.81,3.21,0,4,620,670
3.7,0,16,2.95,3.11,0,3.79,650,690
3.7,1,16,3.36,3.47,0,3.5,580,550
2.7,1,20,3.02,3.02,0,4,660,530
0,0,9,1.46,2.62,0,3.78,520,520
2.7,0,17,3.17,3.36,0,3.67,560,660
3,1,18,3.17,3.17,0,4,650,700
3,0,16,3.28,2.68,0,3.58,640,650
2,0,17,2.87,2.86,1,3.86,670,550
3.7,0,17,3.67,3.56,1,3.5,650,640
2,0,17,3.26,3,1,4,640,660
3,0,16,3.34,3.33,0,3.94,690,630
2.3,1,14,3.37,2.85,0,3.56,470,530
3.7,0,17,3.73,3.73,1,4,690,590
2.3,0,16,2.95,1.76,0,3.29,600,660
3,0,15,3.3,3.46,0,3.74,560,520
4,0,15,3.86,3.84,0,4,500,670
0,0,8,0.98,1.52,1,3.74,690,590
3.7,0,18,3.35,3.52,0,3.97,490,660
2,1,17,2.22,2.2,0,3.11,430,470
1.7,0,15,2.85,2.85,0,3.59,600,620
4,1,12,4,4,1,4,710,710
3,0,16,2.73,2.96,0,3.69,570,610
0,0,11,1.07,1.19,1,3.74,500,560
3.7,1,15,3.2,3.19,0,3.74,630,690
3,0,18,3.27,3.09,0,3.67,410,730
3.7,0,18,3.36,3.36,1,3.73,610,740
2,1,13,2.31,2.05,1,3.13,540,570
3.7,0,15,3.65,3.75,0,3.86,550,620
3.7,0,16,3.52,3.67,0,4,590,560
3,0,18,3.51,3.7,0,4,610,610
2.3,1,15,3.3,3.08,0,3.7,430,450
2.7,1,17,2.98,2.98,0,3.92,610,610
1.7,0,11,2,2.26,0,3.42,410,520
3,0,17,2.6,2.75,0,3.78,580,620
2.3,0,11,2.83,3.07,0,3.75,460,670
4,0,17,4,3.85,0,4,710,540
3.7,0,18,3.27,3.54,0,3.94,590,620
3.7,0,19,3.76,3.75,0,2.71,430,550
2,0,15,2.42,2.42,0,3.78,600,640
2.7,1,17,3.21,3.26,0,3.84,520,570
3,0,22,3.36,3.52,0,3.58,730,660
3.7,0,16,3.23,3.54,0,3.77,790,640
3.7,1,14,3.65,3.46,0,3.6,590,660
1.7,0,15,2.66,2.99,0,4,570,610
3.7,1,17,3.33,3.19,0,4,510,530
3,0,17,2.72,2.81,0,4,570,500
2.7,0,17,3.33,3.44,0,3.94,500,650
0,0,11,1.41,2.22,1,3.07,480,510
0,0,9,1.77,2.33,0,3.62,550,600
2,0,18,2.63,2.49,0,3.52,660,720
2.3,0,13,2.71,3.17,0,3.53,560,450
2,1,18,3,3,0,3.43,620,600
2.3,0,16,3.04,3.18,0,3.56,460,510
2.7,0,15,2.85,2.49,0,3.88,730,610
1.7,1,13,1.96,3.33,0,3.52,540,420
2,0,14,3.07,3.27,0,3.84,510,510
3,0,18,3.04,3.28,0,3.68,660,650
2.7,0,17,2.75,3.04,0,3.78,580,710
3.7,0,14,3.89,3.65,0,3.61,570,680
3.7,0,17,3.53,3.92,0,4,580,670
2.3,0,19,3.03,3.11,0,3.68,550,680
3.7,1,16,3.89,3.89,0,4,560,600
3.7,1,17,3.83,3.83,0,3.97,560,700
3.7,1,19,3.18,2.85,1,3.5,610,690
2.3,1,15,2.19,2.88,1,3.86,470,470
2,0,18,2.55,2.47,0,3.75,590,570
3,0,17,3.45,3.43,0,3.97,610,600
3.7,1,14,4,4,0,4,680,660
2.7,0,16,2.88,2.98,0,3.85,460,450
3.7,0,18,3.45,3.52,0,4,540,590
3.7,1,15,3.24,3.24,1,4,490,500
3.7,1,17,3.59,3.4,0,2.57,640,560
3.7,1,20,3.73,3.57,0,4,550,570
0,0,13,2.02,1.88,1,3.57,590,580
3.7,0,14,3.32,3.46,1,3.78,640,600
3,0,16,3.18,3.14,0,3.14,550,540
2.3,1,11,1.56,2.52,1,3.5,590,540
3,0,13,3.31,3.56,0,4,590,620
3,1,17,3.12,3.31,0,3.35,640,560
3,0,17,3.05,3.07,0,3.78,610,630
0,0,3,0.68,2.1,0,3.67,580,470
2.3,0,14,2.1,2.2,0,3.24,490,420
3.7,0,18,3.58,3.61,0,4,510,650
3.7,1,18,3.68,3.68,0,3.93,610,650
2,0,16,2.5,2.91,0,3.76,640,690
2.7,0,16,2.7,2.9,0,3.91,620,650
3.7,1,15,3.94,3.86,1,4,610,640
3.7,0,17,3.8,3.73,0,4,630,640
3.7,1,15,4,3.94,0,3.96,750,750
2,0,12,2.32,2.66,0,4,570,550
3.7,0,16,3.62,3.86,0,3.71,620,610
2.3,1,17,3.98,3.49,1,4,650,640
2.3,0,15,2.71,2.71,0,3.57,530,620
3.7,0,15,3.36,3.6,0,4,520,540
0,0,7,0.36,1.3,1,3,570,450
2,0,13,1.9,2.19,0,3.59,430,510
2,1,15,2.39,2.35,0,3.27,530,470
3.7,0,16,3.63,3.63,0,3.88,640,750
3,1,15,3.06,3.17,0,3.96,560,540
2,0,11,1.11,1.9,1,4,620,570
2,0,16,2.38,2.48,0,3.35,670,690
1.7,0,11,1.83,1.62,1,3.11,420,500
3.7,0,15,3.59,3.22,1,3.66,570,540
1.7,0,15,3.1,2.94,0,4,430,580
2,0,23,2.53,2.42,0,3.59,600,520
2.7,0,14,2.89,3.31,0,3.97,580,530
2.3,0,14,3.15,3.22,0,4,680,430
3.7,0,15,3.84,3.84,0,3.97,610,680
4,1,17,4,3.82,1,3.9,440,520
1,0,15,2.14,2.5,0,3.77,520,500
3.7,1,17,3.41,3.67,0,3.59,750,660
2.7,0,18,3.26,3.26,0,3.67,620,610
2.3,0,17,2.91,3.1,0,4,680,590
2.7,0,15,2.71,2.95,0,3.56,770,770
4,0,16,3.82,3.88,0,4,600,670
3,0,16,3.33,3.65,0,3.65,560,660
3.7,0,14,3.76,4,0,4,640,660
2.3,1,14,2.82,3.11,0,3.79,750,660
2.7,1,17,3.31,3.31,0,3.47,630,590
1,0,11,1.42,2.08,0,4,630,540
3,0,20,3.55,3.69,0,4,620,640
3,0,14,2.91,2.71,0,4,610,550
2,0,14,2.66,2.37,0,3.7,590,600
2.7,0,18,3.23,3.03,0,2.89,460,550
2.7,0,14,3.1,2.82,0,3.32,450,490
2.3,1,10,1.91,2.6,0,3.66,420,500
2.7,0,15,3.21,3.21,0,3.78,520,590
2,0,14,2.86,2.86,0,2.08,470,640
3.7,1,17,3.85,3.57,0,3.88,470,500
3.7,0,17,3.4,3.37,1,3.32,490,490
2,0,17,2.53,2.91,0,3.39,580,610
3,0,17,3.38,3.1,0,3.97,580,610
2.7,0,16,2.6,2.82,0,3.33,520,550
3.7,1,4,3.16,2.85,0,3.44,480,630
3,1,18,3.33,3.5,0,4,530,530
3.7,0,17,4,3.48,0,4,540,560
2,0,17,2.22,2.32,0,3.07,470,460
4,1,18,4,3.93,0,4,470,570
3,0,14,3.3,2.97,0,3.58,570,630
3,0,17,2.55,3.15,0,4,700,640
3,1,17,3.21,3.53,0,4,660,640
3.7,0,18,3.47,3.27,0,4,550,670
3,0,18,2.72,3,0,4,480,520
2.7,0,16,2.74,3.06,0,3.73,510,520
2.7,0,18,3.26,3.22,1,3.72,530,590
2,0,17,2.52,2.54,0,3.6,530,590
3.7,0,19,3.68,3.58,0,3.73,510,560
1,1,11,1.13,2.42,0,3.82,450,450
3.7,1,18,3.67,3.67,0,4,560,590
3.7,1,15,3.74,3.74,0,4,650,670
3.7,0,12,3.62,3.47,0,3.69,470,530
1.7,0,14,2.6,2.69,0,3.29,630,640
3,0,15,3.38,3.45,0,3.8,490,600
2.3,0,18,2.72,2.76,0,3.3,590,590
2.3,0,18,2.64,2.99,0,3.77,520,550
0,0,9,1.35,2.67,1,3.78,620,620
3.7,0,14,3.68,4,0,4,460,600
2.7,0,18,3.31,3.31,0,3.76,640,630
3,0,17,3.22,3.51,0,3.99,580,610
3,0,17,2.94,2.77,0,3.73,490,580
1.7,0,9,1.79,3.05,0,3.75,540,520
2,0,14,2.12,2.03,1,3.12,430,620
2.7,0,19,2.7,3.25,0,3.52,550,670
3.7,1,15,3.52,3.63,0,4,490,560
